6E 316,Indigo,Agartala,Bengaluru,15:50:00,20:15:00,04:25:00
6E 275,Indigo,Agartala,Chennai,12:35:00,16:35:00,04:00:00
6E 6488,Indigo,Agartala,Delhi,10:15:00,14:10:00,03:55:00
6E 316,Indigo,Agartala,Guwahati,15:50:00,16:30:00,00:40:00
 6E 458,Indigo,Agartala,Hyderabad,15:25:00,21:50:00,06:25:00
6E 358,Indigo,Agartala,Imphal,12:45:00,13:35:00,00:50:00
6E 833,Indigo,Agartala,Kolkata,08:55:00,09:45:00,00:50:00
6E 6488,Indigo,Agartala,Kolkata,10:15:00,11:10:00,00:55:00
6E 275,Indigo,Agartala,Kolkata,12:35:00,13:30:00,00:55:00
6E 358,Indigo,Agartala,Kolkata,12:45:00,15:20:00,02:35:00
6E 4114,Indigo,Agartala,Kolkata,14:25:00,15:20:00,00:55:00
6E 373,Indigo,Agartala,Kolkata,17:20:00,18:15:00,00:55:00
6E 833,Indigo,Agartala,Visakhapatnam,08:55:00,12:25:00,03:30:00
6E 531,Indigo,Ahmedabad,Bengaluru,08:50:00,11:00:00,02:10:00
6E 238,Indigo,Ahmedabad,Bengaluru,09:55:00,13:45:00,03:50:00
6E 758,Indigo,Ahmedabad,Bengaluru,12:40:00,14:45:00,02:05:00
6E 758,Indigo,Ahmedabad,Bengaluru,13:00:00,15:05:00,02:05:00
6E 153,Indigo,Ahmedabad,Bengaluru,20:25:00,22:35:00,02:10:00
6E 6215,Indigo,Ahmedabad,Bengaluru,23:45:00,02:00:00,02:15:00
6E 238,Indigo,Ahmedabad,Chennai,09:55:00,12:10:00,02:15:00
6E 574,Indigo,Ahmedabad,Chennai,22:10:00,00:05:00,01:55:00
6E 683,Indigo,Ahmedabad,Delhi,05:15:00,06:50:00,01:35:00
6E 158,Indigo,Ahmedabad,Delhi,06:10:00,07:50:00,01:40:00
6E 962,Indigo,Ahmedabad,Delhi,07:10:00,08:35:00,01:25:00
6E 3492,Indigo,Ahmedabad,Delhi,08:45:00,10:30:00,01:45:00
6E 162,Indigo,Ahmedabad,Delhi,17:50:00,19:35:00,01:45:00
6E 166,Indigo,Ahmedabad,Delhi,19:40:00,21:20:00,01:40:00
6E 728,Indigo,Ahmedabad,Delhi,21:45:00,23:15:00,01:30:00
6E 626,Indigo,Ahmedabad,Delhi,22:40:00,00:15:00,01:35:00
6E 161,Indigo,Ahmedabad,Goa,13:25:00,14:55:00,01:30:00
6E 947,Indigo,Ahmedabad,Goa,23:25:00,01:25:00,02:00:00
6E 958,Indigo,Ahmedabad,Guwahati,05:35:00,10:25:00,04:50:00
6E 259,Indigo,Ahmedabad,Hyderabad,04:35:00,06:15:00,01:40:00
6E 879,Indigo,Ahmedabad,Hyderabad,06:30:00,08:15:00,01:45:00
6E 371,Indigo,Ahmedabad,Hyderabad,19:45:00,21:35:00,01:50:00
6E 237,Indigo,Ahmedabad,Jaipur,18:50:00,20:05:00,01:15:00
6E 214,Indigo,Ahmedabad,Kochi,09:20:00,13:20:00,04:00:00
6E 214,Indigo,Ahmedabad,Kochi,09:30:00,13:20:00,03:50:00
6E 125,Indigo,Ahmedabad,Kolkata,06:35:00,09:00:00,02:25:00
6E 135,Indigo,Ahmedabad,Kolkata,16:25:00,18:50:00,02:25:00
6E 237,Indigo,Ahmedabad,Kolkata,18:50:00,22:50:00,04:00:00
6E 627,Indigo,Ahmedabad,Lucknow,09:50:00,11:10:00,01:20:00
6E 958,Indigo,Ahmedabad,Mumbai,05:35:00,06:50:00,01:15:00
6E 3834,Indigo,Ahmedabad,Mumbai,07:55:00,09:05:00,01:10:00
6E 214,Indigo,Ahmedabad,Mumbai,09:20:00,10:45:00,01:25:00
6E 214,Indigo,Ahmedabad,Mumbai,09:30:00,10:45:00,01:15:00
6E 984,Indigo,Ahmedabad,Mumbai,09:35:00,11:05:00,01:30:00
6E 984,Indigo,Ahmedabad,Mumbai,09:35:00,11:05:00,01:30:00
6E 984,Indigo,Ahmedabad,Mumbai,10:25:00,11:45:00,01:20:00
6E 984,Indigo,Ahmedabad,Mumbai,10:25:00,11:45:00,01:20:00
6E 313,Indigo,Ahmedabad,Mumbai,18:30:00,19:50:00,01:20:00
6E 313,Indigo,Ahmedabad,Mumbai,18:30:00,19:50:00,01:20:00
6E 313,Indigo,Ahmedabad,Mumbai,20:05:00,21:30:00,01:25:00
6E 202,Indigo,Ahmedabad,Nagpur,16:10:00,19:15:00,03:05:00
6E 202,Indigo,Ahmedabad,Pune,16:10:00,17:25:00,01:15:00
6E 674,Indigo,Ahmedabad,Pune,22:00:00,23:15:00,01:15:00
6E 879,Indigo,Ahmedabad,Visakhapatnam,06:30:00,09:55:00,03:25:00
6E 958,Indigo,Bagdogra,Bengaluru,12:20:00,16:25:00,04:05:00
6E 534,Indigo,Bagdogra,Chennai,16:30:00,20:45:00,04:15:00
6E 534,Indigo,Bagdogra,Chennai,16:30:00,20:45:00,04:15:00
6E 3646,Indigo,Bagdogra,Delhi,12:10:00,14:25:00,02:15:00
6E 433,Indigo,Bagdogra,Guwahati,15:05:00,16:05:00,01:00:00
6E 958,Indigo,Bagdogra,Kolkata,12:20:00,13:20:00,01:00:00
6E 137,Indigo,Bagdogra,Kolkata,14:25:00,15:35:00,01:10:00
6E 534,Indigo,Bagdogra,Kolkata,16:30:00,17:40:00,01:10:00
6E 534,Indigo,Bagdogra,Kolkata,16:30:00,17:40:00,01:10:00
6E 433,Indigo,Bagdogra,Mumbai,15:05:00,20:05:00,05:00:00
6E 457,Indigo,Bengaluru,Agartala,07:45:00,12:05:00,04:20:00
6E 6779,Indigo,Bengaluru,Ahmedabad,02:45:00,04:45:00,02:00:00
6E 586,Indigo,Bengaluru,Ahmedabad,06:15:00,08:20:00,02:05:00
6E 759,Indigo,Bengaluru,Ahmedabad,10:05:00,12:10:00,02:05:00
6E 237,Indigo,Bengaluru,Ahmedabad,14:20:00,18:20:00,04:00:00
6E 166,Indigo,Bengaluru,Ahmedabad,17:00:00,19:05:00,02:05:00
6E 433,Indigo,Bengaluru,Bagdogra,10:35:00,14:35:00,04:00:00
6E 6724,Indigo,Bengaluru,Bhubaneswar,05:40:00,07:40:00,02:00:00
6E 266,Indigo,Bengaluru,Bhubaneswar,06:40:00,09:40:00,03:00:00
6E 971,Indigo,Bengaluru,Bhubaneswar,11:35:00,13:25:00,01:50:00
6E 6857,Indigo,Bengaluru,Bhubaneswar,15:20:00,17:15:00,01:55:00
6E 6857,Indigo,Bengaluru,Bhubaneswar,15:35:00,17:25:00,01:50:00
6E 264,Indigo,Bengaluru,Bhubaneswar,15:40:00,18:50:00,03:10:00
6E 5618,Indigo,Bengaluru,Bhubaneswar,17:30:00,19:25:00,01:55:00
6E 3369,Indigo,Bengaluru,Bhubaneswar,21:20:00,23:15:00,01:55:00
6E 3514,Indigo,Bengaluru,Chandigarh,04:40:00,07:45:00,03:05:00
6E 3512,Indigo,Bengaluru,Chandigarh,07:10:00,10:00:00,02:50:00
6E 464,Indigo,Bengaluru,Chandigarh,09:25:00,14:00:00,04:35:00
6E 477,Indigo,Bengaluru,Chandigarh,10:00:00,12:55:00,02:55:00
6E 233,Indigo,Bengaluru,Chennai,06:20:00,07:20:00,01:00:00
6E 541,Indigo,Bengaluru,Chennai,09:35:00,10:30:00,00:55:00
6E 389,Indigo,Bengaluru,Chennai,12:40:00,13:35:00,00:55:00
6E 237,Indigo,Bengaluru,Chennai,14:20:00,15:15:00,00:55:00
6E 729,Indigo,Bengaluru,Chennai,19:25:00,20:25:00,01:00:00
6E 5615,Indigo,Bengaluru,Coimbatore,11:30:00,12:20:00,00:50:00
6E 246,Indigo,Bengaluru,Dehradun,13:10:00,17:30:00,04:20:00
6E 944,Indigo,Bengaluru,Delhi,04:00:00,06:50:00,02:50:00
6E 944,Indigo,Bengaluru,Delhi,04:00:00,06:50:00,02:50:00
6E 986,Indigo,Bengaluru,Delhi,05:00:00,07:45:00,02:45:00
6E 986,Indigo,Bengaluru,Delhi,05:00:00,07:45:00,02:45:00
6E 132,Indigo,Bengaluru,Delhi,06:00:00,08:40:00,02:40:00
6E 6228,Indigo,Bengaluru,Delhi,07:05:00,09:50:00,02:45:00
6E 838,Indigo,Bengaluru,Delhi,08:00:00,10:50:00,02:50:00
6E 4206,Indigo,Bengaluru,Delhi,09:45:00,12:30:00,02:45:00
6E 346,Indigo,Bengaluru,Delhi,10:30:00,13:15:00,02:45:00
6E 108,Indigo,Bengaluru,Delhi,10:55:00,13:40:00,02:45:00
6E 246,Indigo,Bengaluru,Delhi,13:10:00,15:55:00,02:45:00
6E 978,Indigo,Bengaluru,Delhi,14:30:00,17:15:00,02:45:00
6E 3988,Indigo,Bengaluru,Delhi,17:10:00,19:55:00,02:45:00
6E 4122,Indigo,Bengaluru,Delhi,18:00:00,20:45:00,02:45:00
6E 808,Indigo,Bengaluru,Delhi,19:00:00,21:45:00,02:45:00
6E 6726,Indigo,Bengaluru,Delhi,19:55:00,22:50:00,02:55:00
6E 106,Indigo,Bengaluru,Delhi,21:10:00,00:05:00,02:55:00
6E 106,Indigo,Bengaluru,Delhi,21:10:00,00:05:00,02:55:00
6E 4019,Indigo,Bengaluru,Delhi,21:55:00,00:45:00,02:50:00
6E 884,Indigo,Bengaluru,Delhi,22:10:00,00:55:00,02:45:00
6E 484,Indigo,Bengaluru,Delhi,23:30:00,02:10:00,02:40:00
6E 479,Indigo,Bengaluru,Goa,06:30:00,07:45:00,01:15:00
6E 345,Indigo,Bengaluru,Goa,12:50:00,14:05:00,01:15:00
6E 711,Indigo,Bengaluru,Goa,13:55:00,15:15:00,01:20:00
6E 414,Indigo,Bengaluru,Goa,15:10:00,16:35:00,01:25:00
6E 6236,Indigo,Bengaluru,Goa,23:05:00,00:15:00,01:10:00
6E 457,Indigo,Bengaluru,Guwahati,07:45:00,10:45:00,03:00:00
6E 119,Indigo,Bengaluru,Guwahati,15:15:00,18:15:00,03:00:00
6E 119,Indigo,Bengaluru,Guwahati,15:25:00,18:15:00,02:50:00
6E 824,Indigo,Bengaluru,Hyderabad,00:10:00,01:15:00,01:05:00
6E 824,Indigo,Bengaluru,Hyderabad,00:10:00,01:15:00,01:05:00
6E 602,Indigo,Bengaluru,Hyderabad,05:35:00,06:45:00,01:10:00
6E 266,Indigo,Bengaluru,Hyderabad,06:40:00,07:40:00,01:00:00
6E 328,Indigo,Bengaluru,Hyderabad,08:25:00,09:30:00,01:05:00
6E 262,Indigo,Bengaluru,Hyderabad,12:10:00,13:10:00,01:00:00
6E 264,Indigo,Bengaluru,Hyderabad,15:40:00,16:40:00,01:00:00
6E 466,Indigo,Bengaluru,Hyderabad,15:40:00,16:45:00,01:05:00
6E 466,Indigo,Bengaluru,Hyderabad,15:45:00,16:45:00,01:00:00
6E 834,Indigo,Bengaluru,Hyderabad,16:30:00,17:45:00,01:15:00
6E 638,Indigo,Bengaluru,Hyderabad,17:00:00,18:00:00,01:00:00
6E 638,Indigo,Bengaluru,Hyderabad,17:30:00,18:30:00,01:00:00
6E 855,Indigo,Bengaluru,Hyderabad,18:50:00,20:00:00,01:10:00
6E 316,Indigo,Bengaluru,Hyderabad,20:50:00,21:50:00,01:00:00
6E 412,Indigo,Bengaluru,Hyderabad,22:15:00,23:20:00,01:05:00
6E 654,Indigo,Bengaluru,Hyderabad,23:30:00,00:30:00,01:00:00
6E 874,Indigo,Bengaluru,Imphal,09:50:00,14:50:00,05:00:00
6E 703,Indigo,Bengaluru,Indore,05:20:00,07:10:00,01:50:00
6E 509,Indigo,Bengaluru,Indore,06:05:00,09:10:00,03:05:00
6E 641,Indigo,Bengaluru,Jaipur,06:10:00,08:30:00,02:20:00
6E 638,Indigo,Bengaluru,Jaipur,17:00:00,20:30:00,03:30:00
6E 469,Indigo,Bengaluru,Jaipur,17:20:00,19:45:00,02:25:00
6E 638,Indigo,Bengaluru,Jaipur,17:30:00,20:55:00,03:25:00
6E 164,Indigo,Bengaluru,Jaipur,23:20:00,01:55:00,02:35:00
6E 413,Indigo,Bengaluru,Kochi,08:45:00,09:50:00,01:05:00
6E 407,Indigo,Bengaluru,Kochi,12:40:00,13:55:00,01:15:00
6E 407,Indigo,Bengaluru,Kochi,12:50:00,13:55:00,01:05:00
6E 6813,Indigo,Bengaluru,Kochi,19:15:00,20:15:00,01:00:00
6E 831,Indigo,Bengaluru,Kochi,22:20:00,23:20:00,01:00:00
6E 713,Indigo,Bengaluru,Kolkata,05:30:00,07:45:00,02:15:00
6E 339,Indigo,Bengaluru,Kolkata,06:20:00,08:50:00,02:30:00
6E 339,Indigo,Bengaluru,Kolkata,06:20:00,08:50:00,02:30:00
6E 339,Indigo,Bengaluru,Kolkata,06:20:00,08:45:00,02:25:00
6E 339,Indigo,Bengaluru,Kolkata,06:55:00,09:25:00,02:30:00
6E 344,Indigo,Bengaluru,Kolkata,08:45:00,11:15:00,02:30:00
6E 874,Indigo,Bengaluru,Kolkata,09:50:00,12:25:00,02:35:00
6E 433,Indigo,Bengaluru,Kolkata,10:35:00,13:00:00,02:25:00
6E 422,Indigo,Bengaluru,Kolkata,12:15:00,14:50:00,02:35:00
6E 6857,Indigo,Bengaluru,Kolkata,15:20:00,18:45:00,03:25:00
6E 6857,Indigo,Bengaluru,Kolkata,15:35:00,18:55:00,03:20:00
6E 403,Indigo,Bengaluru,Kolkata,15:50:00,19:30:00,03:40:00
6E 135,Indigo,Bengaluru,Kolkata,16:30:00,18:50:00,02:20:00
6E 6493,Indigo,Bengaluru,Kolkata,18:10:00,20:40:00,02:30:00
6E 676,Indigo,Bengaluru,Kolkata,18:50:00,21:30:00,02:40:00
6E 729,Indigo,Bengaluru,Kolkata,19:25:00,23:05:00,03:40:00
6E 529,Indigo,Bengaluru,Kolkata,22:55:00,01:30:00,02:35:00
6E 992,Indigo,Bengaluru,Lucknow,03:35:00,06:00:00,02:25:00
6E 339,Indigo,Bengaluru,Lucknow,06:55:00,11:55:00,05:00:00
6E 163,Indigo,Bengaluru,Lucknow,11:15:00,13:40:00,02:25:00
6E 542,Indigo,Bengaluru,Lucknow,18:55:00,21:20:00,02:25:00
6E 456,Indigo,Bengaluru,Mumbai,05:10:00,06:50:00,01:40:00
6E 482,Indigo,Bengaluru,Mumbai,06:10:00,07:45:00,01:35:00
6E 424,Indigo,Bengaluru,Mumbai,07:10:00,08:55:00,01:45:00
6E 464,Indigo,Bengaluru,Mumbai,09:25:00,11:05:00,01:40:00
6E 346,Indigo,Bengaluru,Mumbai,10:20:00,12:00:00,01:40:00
6E 346,Indigo,Bengaluru,Mumbai,10:20:00,12:00:00,01:40:00
6E 414,Indigo,Bengaluru,Mumbai,12:20:00,14:15:00,01:55:00
6E 414,Indigo,Bengaluru,Mumbai,12:20:00,14:15:00,01:55:00
6E 414,Indigo,Bengaluru,Mumbai,12:35:00,14:15:00,01:40:00
6E 414,Indigo,Bengaluru,Mumbai,12:35:00,14:15:00,01:40:00
6E 6756,Indigo,Bengaluru,Mumbai,14:45:00,16:30:00,01:45:00
6E 6756,Indigo,Bengaluru,Mumbai,14:45:00,16:30:00,01:45:00
6E 378,Indigo,Bengaluru,Mumbai,15:35:00,17:15:00,01:40:00
6E 4078,Indigo,Bengaluru,Mumbai,17:55:00,19:40:00,01:45:00
6E 566,Indigo,Bengaluru,Mumbai,19:35:00,21:15:00,01:40:00
6E 3794,Indigo,Bengaluru,Mumbai,21:30:00,23:10:00,01:40:00
6E 509,Indigo,Bengaluru,Nagpur,06:05:00,07:45:00,01:40:00
6E 6313,Indigo,Bengaluru,Nagpur,11:55:00,13:35:00,01:40:00
6E 6313,Indigo,Bengaluru,Nagpur,14:30:00,16:05:00,01:35:00
6E 403,Indigo,Bengaluru,Nagpur,15:50:00,17:25:00,01:35:00
6E 202,Indigo,Bengaluru,Nagpur,16:00:00,19:15:00,03:15:00
6E 339,Indigo,Bengaluru,Patna,06:20:00,10:25:00,04:05:00
6E 339,Indigo,Bengaluru,Patna,06:20:00,10:25:00,04:05:00
6E 339,Indigo,Bengaluru,Patna,06:20:00,10:25:00,04:05:00
6E 637,Indigo,Bengaluru,Patna,12:05:00,14:30:00,02:25:00
6E 901,Indigo,Bengaluru,Patna,17:35:00,20:05:00,02:30:00
6E 682,Indigo,Bengaluru,Pune,00:05:00,01:30:00,01:25:00
6E 408,Indigo,Bengaluru,Pune,05:30:00,06:50:00,01:20:00
6E 6104,Indigo,Bengaluru,Pune,09:35:00,11:10:00,01:35:00
6E 202,Indigo,Bengaluru,Pune,16:00:00,17:25:00,01:25:00
6E 528,Indigo,Bengaluru,Pune,17:00:00,18:20:00,01:20:00
6E 718,Indigo,Bengaluru,Pune,20:25:00,21:45:00,01:20:00
6E 806,Indigo,Bengaluru,Pune,22:50:00,00:10:00,01:20:00
6E 703,Indigo,Bengaluru,Raipur,05:20:00,09:00:00,03:40:00
6E 466,Indigo,Bengaluru,Raipur,15:40:00,18:25:00,02:45:00
6E 466,Indigo,Bengaluru,Raipur,15:45:00,18:25:00,02:40:00
6E 344,Indigo,Bengaluru,Ranchi,08:45:00,12:50:00,04:05:00
6E 637,Indigo,Bengaluru,Ranchi,12:05:00,15:45:00,03:40:00
6E 477,Indigo,Bengaluru,Srinagar,10:00:00,14:35:00,04:35:00
6E 103,Indigo,Bengaluru,Thiruvananthapuram,00:15:00,01:30:00,01:15:00
6E 873,Indigo,Bengaluru,Thiruvananthapuram,05:35:00,07:00:00,01:25:00
6E 851,Indigo,Bengaluru,Thiruvananthapuram,07:35:00,08:50:00,01:15:00
6E 379,Indigo,Bengaluru,Thiruvananthapuram,09:15:00,10:25:00,01:10:00
6E 379,Indigo,Bengaluru,Thiruvananthapuram,09:15:00,10:25:00,01:10:00
6E 583,Indigo,Bengaluru,Thiruvananthapuram,20:15:00,21:30:00,01:15:00
6E 759,Indigo,Bengaluru,Vadodara,10:05:00,12:05:00,02:00:00
6E 713,Indigo,Bengaluru,Varanasi,05:30:00,09:50:00,04:20:00
6E 4206,Indigo,Bengaluru,Varanasi,09:45:00,14:30:00,04:45:00
6E 898,Indigo,Bengaluru,Varanasi,11:25:00,13:45:00,02:20:00
6E 712,Indigo,Bengaluru,Varanasi,16:30:00,18:40:00,02:10:00
6E 288,Indigo,Bengaluru,Visakhapatnam,05:55:00,07:25:00,01:30:00
6E 622,Indigo,Bengaluru,Visakhapatnam,19:10:00,20:40:00,01:30:00
6E 897,Indigo,Bhubaneswar,Bengaluru,08:30:00,10:35:00,02:05:00
6E 5611,Indigo,Bhubaneswar,Bengaluru,09:05:00,11:00:00,01:55:00
6E 492,Indigo,Bhubaneswar,Bengaluru,13:55:00,15:55:00,02:00:00
6E 265,Indigo,Bhubaneswar,Bengaluru,19:20:00,22:35:00,03:15:00
6E 265,Indigo,Bhubaneswar,Bengaluru,19:20:00,22:35:00,03:15:00
6E 265,Indigo,Bhubaneswar,Bengaluru,19:30:00,22:40:00,03:10:00
6E 3869,Indigo,Bhubaneswar,Bengaluru,20:50:00,22:55:00,02:05:00
6E 3869,Indigo,Bhubaneswar,Bengaluru,20:55:00,23:00:00,02:05:00
6E 878,Indigo,Bhubaneswar,Bengaluru,23:45:00,01:50:00,02:05:00
6E 512,Indigo,Bhubaneswar,Chennai,13:35:00,16:40:00,03:05:00
6E 375,Indigo,Bhubaneswar,Coimbatore,08:50:00,13:50:00,05:00:00
6E 375,Indigo,Bhubaneswar,Coimbatore,08:50:00,13:50:00,05:00:00
6E 104,Indigo,Bhubaneswar,Delhi,05:45:00,08:10:00,02:25:00
6E 256,Indigo,Bhubaneswar,Delhi,09:45:00,12:20:00,02:35:00
6E 257,Indigo,Bhubaneswar,Delhi,13:20:00,15:40:00,02:20:00
6E 5401,Indigo,Bhubaneswar,Delhi,16:25:00,20:05:00,03:40:00
6E 5401,Indigo,Bhubaneswar,Delhi,16:25:00,20:05:00,03:40:00
6E 646,Indigo,Bhubaneswar,Delhi,16:40:00,19:00:00,02:20:00
6E 314,Indigo,Bhubaneswar,Delhi,18:45:00,21:20:00,02:35:00
6E 5405,Indigo,Bhubaneswar,Delhi,21:05:00,23:20:00,02:15:00
6E 5405,Indigo,Bhubaneswar,Delhi,21:05:00,23:20:00,02:15:00
6E 819,Indigo,Bhubaneswar,Hyderabad,10:10:00,11:45:00,01:35:00
6E 631,Indigo,Bhubaneswar,Hyderabad,12:30:00,14:05:00,01:35:00
6E 816,Indigo,Bhubaneswar,Hyderabad,14:55:00,16:35:00,01:40:00
6E 265,Indigo,Bhubaneswar,Hyderabad,19:20:00,20:55:00,01:35:00
6E 265,Indigo,Bhubaneswar,Hyderabad,19:20:00,20:55:00,01:35:00
6E 265,Indigo,Bhubaneswar,Hyderabad,19:30:00,21:05:00,01:35:00
6E 646,Indigo,Bhubaneswar,Indore,16:40:00,20:55:00,04:15:00
6E 312,Indigo,Bhubaneswar,Kolkata,05:40:00,06:50:00,01:10:00
6E 557,Indigo,Bhubaneswar,Kolkata,10:25:00,11:30:00,01:05:00
6E 5401,Indigo,Bhubaneswar,Kolkata,16:25:00,17:25:00,01:00:00
6E 5401,Indigo,Bhubaneswar,Kolkata,16:25:00,17:25:00,01:00:00
6E 6857,Indigo,Bhubaneswar,Kolkata,17:45:00,18:45:00,01:00:00
6E 6857,Indigo,Bhubaneswar,Kolkata,17:55:00,18:55:00,01:00:00
6E 598,Indigo,Bhubaneswar,Kolkata,19:55:00,21:00:00,01:05:00
6E 598,Indigo,Bhubaneswar,Kolkata,19:55:00,21:00:00,01:05:00
6E 598,Indigo,Bhubaneswar,Kolkata,20:35:00,21:40:00,01:05:00
6E 375,Indigo,Bhubaneswar,Mumbai,08:50:00,11:20:00,02:30:00
6E 375,Indigo,Bhubaneswar,Mumbai,08:50:00,11:20:00,02:30:00
6E 819,Indigo,Bhubaneswar,Mumbai,10:10:00,13:45:00,03:35:00
6E 819,Indigo,Bhubaneswar,Mumbai,10:10:00,13:45:00,03:35:00
6E 257,Indigo,Bhubaneswar,Mumbai,13:20:00,15:55:00,02:35:00
6E 257,Indigo,Bhubaneswar,Mumbai,13:20:00,15:55:00,02:35:00
6E 512,Indigo,Bhubaneswar,Visakhapatnam,13:35:00,14:40:00,01:05:00
6E 491,Indigo,Chandigarh,Bengaluru,08:15:00,11:20:00,03:05:00
6E 491,Indigo,Chandigarh,Bengaluru,10:30:00,13:50:00,03:20:00
6E 264,Indigo,Chandigarh,Bengaluru,12:10:00,15:10:00,03:00:00
6E 463,Indigo,Chandigarh,Bengaluru,14:30:00,19:20:00,04:50:00
6E 478,Indigo,Chandigarh,Bengaluru,16:35:00,19:35:00,03:00:00
6E 459,Indigo,Chandigarh,Chennai,17:55:00,23:10:00,05:15:00
6E 865,Indigo,Chandigarh,Delhi,08:10:00,09:05:00,00:55:00
6E 9938,Indigo,Chandigarh,Delhi,11:05:00,12:00:00,00:55:00
6E 4193,Indigo,Chandigarh,Delhi,11:50:00,12:50:00,01:00:00
6E 4193,Indigo,Chandigarh,Delhi,11:50:00,12:50:00,01:00:00
6E 4193,Indigo,Chandigarh,Delhi,11:50:00,12:50:00,01:00:00
6E 4193,Indigo,Chandigarh,Delhi,11:50:00,12:50:00,01:00:00
6E 4193,Indigo,Chandigarh,Delhi,11:50:00,12:50:00,01:00:00
6E 4193,Indigo,Chandigarh,Delhi,11:50:00,12:50:00,01:00:00
6E 4193,Indigo,Chandigarh,Delhi,11:50:00,12:50:00,01:00:00
6E 4193,Indigo,Chandigarh,Delhi,11:50:00,12:50:00,01:00:00
6E 4193,Indigo,Chandigarh,Delhi,11:50:00,12:50:00,01:00:00
6E 842,Indigo,Chandigarh,Delhi,12:00:00,12:50:00,00:50:00
6E 264,Indigo,Chandigarh,Hyderabad,12:10:00,16:40:00,04:30:00
6E 264,Indigo,Chandigarh,Hyderabad,12:10:00,16:40:00,04:30:00
6E 4193,Indigo,Chandigarh,Kochi,11:50:00,16:40:00,04:50:00
6E 4193,Indigo,Chandigarh,Kochi,11:50:00,16:40:00,04:50:00
6E 4193,Indigo,Chandigarh,Kochi,11:50:00,16:40:00,04:50:00
6E 4193,Indigo,Chandigarh,Kochi,11:50:00,16:40:00,04:50:00
6E 4193,Indigo,Chandigarh,Kochi,11:50:00,16:40:00,04:50:00
6E 4193,Indigo,Chandigarh,Kochi,11:50:00,16:40:00,04:50:00
6E 4193,Indigo,Chandigarh,Kochi,11:50:00,16:40:00,04:50:00
6E 4193,Indigo,Chandigarh,Kochi,11:50:00,16:40:00,04:50:00
6E 4193,Indigo,Chandigarh,Kochi,11:50:00,16:40:00,04:50:00
6E 264,Indigo,Chandigarh,Mumbai,12:10:00,14:35:00,02:25:00
6E 264,Indigo,Chandigarh,Mumbai,12:10:00,14:35:00,02:25:00
6E 975,Indigo,Chandigarh,Mumbai,12:45:00,15:05:00,02:20:00
6E 463,Indigo,Chandigarh,Mumbai,14:30:00,17:00:00,02:30:00
6E 973,Indigo,Chandigarh,Mumbai,14:30:00,17:00:00,02:30:00
6E 459,Indigo,Chandigarh,Mumbai,17:55:00,20:25:00,02:30:00
6E 997,Indigo,Chandigarh,Mumbai,17:55:00,20:25:00,02:30:00
6E 477,Indigo,Chandigarh,Srinagar,13:25:00,14:35:00,01:10:00
6E 892,Indigo,Chennai,Agartala,11:35:00,15:20:00,03:45:00
6E 627,Indigo,Chennai,Ahmedabad,07:10:00,09:20:00,02:10:00
6E 237,Indigo,Chennai,Ahmedabad,15:45:00,18:20:00,02:35:00
6E 797,Indigo,Chennai,Bagdogra,07:50:00,11:40:00,03:50:00
6E 271,Indigo,Chennai,Bengaluru,09:00:00,09:55:00,00:55:00
6E 238,Indigo,Chennai,Bengaluru,12:45:00,13:45:00,01:00:00
6E 119,Indigo,Chennai,Bengaluru,14:05:00,14:55:00,00:50:00
6E 542,Indigo,Chennai,Bengaluru,17:25:00,18:20:00,00:55:00
6E 232,Indigo,Chennai,Bengaluru,21:15:00,22:10:00,00:55:00
6E 557,Indigo,Chennai,Bhubaneswar,07:10:00,09:55:00,02:45:00
6E 3598,Indigo,Chennai,Chandigarh,12:25:00,17:25:00,05:00:00
6E 3598,Indigo,Chennai,Chandigarh,12:25:00,17:25:00,05:00:00
6E 3598,Indigo,Chennai,Chandigarh,12:25:00,17:25:00,05:00:00
6E 3598,Indigo,Chennai,Chandigarh,12:35:00,17:25:00,04:50:00
6E 101,Indigo,Chennai,Coimbatore,06:30:00,07:30:00,01:00:00
6E 985,Indigo,Chennai,Coimbatore,09:55:00,10:55:00,01:00:00
6E 881,Indigo,Chennai,Coimbatore,12:35:00,13:35:00,01:00:00
6E 5614,Indigo,Chennai,Coimbatore,14:20:00,15:25:00,01:05:00
6E 275,Indigo,Chennai,Coimbatore,17:05:00,18:10:00,01:05:00
6E 952,Indigo,Chennai,Delhi,04:15:00,07:00:00,02:45:00
6E 964,Indigo,Chennai,Delhi,05:20:00,10:05:00,04:45:00
6E 652,Indigo,Chennai,Delhi,05:25:00,08:10:00,02:45:00
6E 976,Indigo,Chennai,Delhi,06:35:00,09:15:00,02:40:00
6E 6217,Indigo,Chennai,Delhi,08:35:00,11:25:00,02:50:00
6E 985,Indigo,Chennai,Delhi,09:55:00,14:25:00,04:30:00
6E 487,Indigo,Chennai,Delhi,10:45:00,13:35:00,02:50:00
6E 3598,Indigo,Chennai,Delhi,12:35:00,15:25:00,02:50:00
6E 5448,Indigo,Chennai,Delhi,13:50:00,16:40:00,02:50:00
6E 698,Indigo,Chennai,Delhi,15:15:00,18:05:00,02:50:00
6E 302,Indigo,Chennai,Delhi,16:00:00,20:00:00,04:00:00
6E 244,Indigo,Chennai,Delhi,16:40:00,19:30:00,02:50:00
6E 796,Indigo,Chennai,Delhi,17:30:00,20:15:00,02:45:00
6E 3752,Indigo,Chennai,Delhi,19:00:00,21:50:00,02:50:00
6E 3536,Indigo,Chennai,Delhi,20:15:00,23:10:00,02:55:00
6E 704,Indigo,Chennai,Delhi,22:35:00,01:20:00,02:45:00
6E 382,Indigo,Chennai,Goa,11:15:00,14:15:00,03:00:00
6E 112,Indigo,Chennai,Guwahati,05:05:00,07:55:00,02:50:00
6E 292,Indigo,Chennai,Guwahati,13:25:00,17:20:00,03:55:00
6E 119,Indigo,Chennai,Guwahati,14:05:00,18:15:00,04:10:00
6E 384,Indigo,Chennai,Hyderabad,06:00:00,07:05:00,01:05:00
6E 382,Indigo,Chennai,Hyderabad,11:15:00,12:20:00,01:05:00
6E 315,Indigo,Chennai,Hyderabad,13:05:00,14:10:00,01:05:00
6E 858,Indigo,Chennai,Hyderabad,14:35:00,15:45:00,01:10:00
6E 302,Indigo,Chennai,Hyderabad,16:00:00,17:10:00,01:10:00
6E 118,Indigo,Chennai,Hyderabad,18:20:00,19:30:00,01:10:00
6E 118,Indigo,Chennai,Hyderabad,18:25:00,19:35:00,01:10:00
6E 343,Indigo,Chennai,Hyderabad,21:55:00,22:55:00,01:00:00
6E 868,Indigo,Chennai,Hyderabad,23:20:00,00:25:00,01:05:00
6E 548,Indigo,Chennai,Jaipur,11:00:00,13:35:00,02:35:00
6E 237,Indigo,Chennai,Jaipur,15:45:00,20:05:00,04:20:00
6E 244,Indigo,Chennai,Jaipur,16:40:00,21:15:00,04:35:00
6E 298,Indigo,Chennai,Kochi,06:15:00,07:25:00,01:10:00
6E 859,Indigo,Chennai,Kochi,11:45:00,12:55:00,01:10:00
6E 706,Indigo,Chennai,Kochi,16:20:00,18:55:00,02:35:00
6E 228,Indigo,Chennai,Kochi,22:20:00,23:25:00,01:05:00
6E 987,Indigo,Chennai,Kolkata,05:40:00,08:00:00,02:20:00
6E 797,Indigo,Chennai,Kolkata,07:50:00,10:05:00,02:15:00
6E 892,Indigo,Chennai,Kolkata,11:35:00,13:45:00,02:10:00
6E 292,Indigo,Chennai,Kolkata,13:25:00,15:40:00,02:15:00
6E 923,Indigo,Chennai,Kolkata,18:55:00,21:20:00,02:25:00
6E 729,Indigo,Chennai,Kolkata,21:00:00,23:05:00,02:05:00
6E 793,Indigo,Chennai,Kolkata,23:40:00,01:55:00,02:15:00
6E 627,Indigo,Chennai,Lucknow,07:10:00,11:10:00,04:00:00
6E 542,Indigo,Chennai,Lucknow,17:25:00,21:20:00,03:55:00
6E 964,Indigo,Chennai,Mumbai,05:20:00,07:15:00,01:55:00
6E 298,Indigo,Chennai,Mumbai,06:15:00,10:05:00,03:50:00
6E 495,Indigo,Chennai,Mumbai,07:05:00,08:45:00,01:40:00
6E 782,Indigo,Chennai,Mumbai,08:50:00,10:50:00,02:00:00
6E 3598,Indigo,Chennai,Mumbai,12:25:00,14:25:00,02:00:00
6E 3598,Indigo,Chennai,Mumbai,12:25:00,14:25:00,02:00:00
6E 6852,Indigo,Chennai,Mumbai,17:20:00,19:20:00,02:00:00
6E 652,Indigo,Chennai,Patna,05:25:00,10:30:00,05:05:00
6E 188,Indigo,Chennai,Port Blair,08:45:00,11:15:00,02:30:00
6E 401,Indigo,Chennai,Pune,04:00:00,05:35:00,01:35:00
6E 502,Indigo,Chennai,Pune,08:10:00,09:50:00,01:40:00
6E 502,Indigo,Chennai,Pune,08:40:00,10:30:00,01:50:00
6E 311,Indigo,Chennai,Pune,11:40:00,13:15:00,01:35:00
6E 385,Indigo,Chennai,Pune,22:15:00,00:05:00,01:50:00
6E 384,Indigo,Chennai,Raipur,06:00:00,08:50:00,02:50:00
6E 327,Indigo,Chennai,Thiruvananthapuram,10:30:00,11:30:00,01:00:00
6E 706,Indigo,Chennai,Thiruvananthapuram,16:20:00,17:40:00,01:20:00
6E 557,Indigo,Chennai,Visakhapatnam,07:10:00,08:25:00,01:15:00
6E 882,Indigo,Chennai,Visakhapatnam,16:15:00,17:40:00,01:25:00
6E 5616,Indigo,Coimbatore,Bengaluru,16:20:00,17:00:00,00:40:00
6E 598,Indigo,Coimbatore,Bhubaneswar,14:20:00,19:20:00,05:00:00
6E 598,Indigo,Coimbatore,Bhubaneswar,14:20:00,19:20:00,05:00:00
6E 6365,Indigo,Coimbatore,Chennai,00:25:00,01:30:00,01:05:00
6E 892,Indigo,Coimbatore,Chennai,10:05:00,11:05:00,01:00:00
6E 5613,Indigo,Coimbatore,Chennai,12:50:00,13:50:00,01:00:00
6E 882,Indigo,Coimbatore,Chennai,14:05:00,15:05:00,01:00:00
6E 3752,Indigo,Coimbatore,Chennai,17:25:00,18:25:00,01:00:00
6E 6364,Indigo,Coimbatore,Chennai,23:15:00,00:15:00,01:00:00
6E 6364,Indigo,Coimbatore,Chennai,23:15:00,00:15:00,01:00:00
6E 985,Indigo,Coimbatore,Delhi,11:25:00,14:25:00,03:00:00
6E 3752,Indigo,Coimbatore,Delhi,17:25:00,21:50:00,04:25:00
6E 396,Indigo,Coimbatore,Delhi,18:45:00,21:45:00,03:00:00
6E 409,Indigo,Coimbatore,Hyderabad,09:20:00,10:40:00,01:20:00
6E 752,Indigo,Coimbatore,Hyderabad,11:05:00,12:15:00,01:10:00
6E 409,Indigo,Coimbatore,Hyderabad,12:00:00,13:15:00,01:15:00
6E 779,Indigo,Coimbatore,Hyderabad,22:40:00,23:55:00,01:15:00
6E 892,Indigo,Coimbatore,Kolkata,10:05:00,13:45:00,03:40:00
6E 453,Indigo,Coimbatore,Mumbai,08:00:00,09:55:00,01:55:00
6E 598,Indigo,Coimbatore,Mumbai,14:20:00,16:10:00,01:50:00
6E 598,Indigo,Coimbatore,Mumbai,14:20:00,16:10:00,01:50:00
6E 882,Indigo,Coimbatore,Visakhapatnam,14:05:00,17:40:00,03:35:00
6E 963,Indigo,Dehradun,Bengaluru,18:05:00,22:30:00,04:25:00
6E 679,Indigo,Dehradun,Delhi,12:35:00,13:30:00,00:55:00
6E 755,Indigo,Dehradun,Delhi,14:25:00,15:20:00,00:55:00
6E 963,Indigo,Dehradun,Delhi,18:05:00,19:10:00,01:05:00
6E 3231,Indigo,Dehradun,Delhi,19:25:00,20:25:00,01:00:00
6E 679,Indigo,Dehradun,Hyderabad,12:35:00,16:10:00,03:35:00
6E 755,Indigo,Dehradun,Mumbai,14:25:00,18:10:00,03:45:00
6E 861,Indigo,Delhi,Agartala,06:10:00,09:45:00,03:35:00
6E 961,Indigo,Delhi,Ahmedabad,04:45:00,06:20:00,01:35:00
6E 517,Indigo,Delhi,Ahmedabad,06:40:00,08:10:00,01:30:00
6E 4373,Indigo,Delhi,Ahmedabad,07:30:00,09:05:00,01:35:00
6E 4373,Indigo,Delhi,Ahmedabad,07:35:00,09:05:00,01:30:00
6E 4373,Indigo,Delhi,Ahmedabad,07:35:00,09:05:00,01:30:00
6E 4373,Indigo,Delhi,Ahmedabad,07:55:00,09:35:00,01:40:00
6E 4373,Indigo,Delhi,Ahmedabad,07:55:00,09:35:00,01:40:00
6E 161,Indigo,Delhi,Ahmedabad,11:20:00,12:55:00,01:35:00
6E 153,Indigo,Delhi,Ahmedabad,18:20:00,19:55:00,01:35:00
6E 157,Indigo,Delhi,Ahmedabad,20:40:00,22:10:00,01:30:00
6E 597,Indigo,Delhi,Ahmedabad,21:40:00,23:15:00,01:35:00
6E 625,Indigo,Delhi,Ahmedabad,22:40:00,00:15:00,01:35:00
6E 5263,Indigo,Delhi,Bagdogra,12:00:00,13:55:00,01:55:00
6E 5263,Indigo,Delhi,Bagdogra,14:00:00,16:00:00,02:00:00
6E 5263,Indigo,Delhi,Bagdogra,14:00:00,16:00:00,02:00:00
6E 885,Indigo,Delhi,Bengaluru,04:10:00,06:55:00,02:45:00
6E 885,Indigo,Delhi,Bengaluru,04:10:00,06:55:00,02:45:00
6E 133,Indigo,Delhi,Bengaluru,05:20:00,08:00:00,02:40:00
6E 109,Indigo,Delhi,Bengaluru,06:20:00,09:00:00,02:40:00
6E 6929,Indigo,Delhi,Bengaluru,08:05:00,10:45:00,02:40:00
6E 4985,Indigo,Delhi,Bengaluru,09:20:00,11:50:00,02:30:00
6E 4985,Indigo,Delhi,Bengaluru,09:20:00,12:00:00,02:40:00
6E 4695,Indigo,Delhi,Bengaluru,10:35:00,13:15:00,02:40:00
6E 147,Indigo,Delhi,Bengaluru,12:30:00,15:10:00,02:40:00
6E 3175,Indigo,Delhi,Bengaluru,13:30:00,16:20:00,02:50:00
6E 839,Indigo,Delhi,Bengaluru,15:45:00,18:25:00,02:40:00
6E 123,Indigo,Delhi,Bengaluru,16:00:00,18:40:00,02:40:00
6E 481,Indigo,Delhi,Bengaluru,17:05:00,19:45:00,02:40:00
6E 4677,Indigo,Delhi,Bengaluru,18:50:00,21:35:00,02:45:00
6E 963,Indigo,Delhi,Bengaluru,19:45:00,22:30:00,02:45:00
6E 131,Indigo,Delhi,Bengaluru,20:40:00,23:25:00,02:45:00
6E 273,Indigo,Delhi,Bengaluru,21:40:00,00:20:00,02:40:00
6E 977,Indigo,Delhi,Bengaluru,22:40:00,01:20:00,02:40:00
6E 977,Indigo,Delhi,Bengaluru,22:40:00,01:20:00,02:40:00
6E 4376,Indigo,Delhi,Bengaluru,23:25:00,02:10:00,02:45:00
6E 701,Indigo,Delhi,Bhubaneswar,07:10:00,09:15:00,02:05:00
6E 669,Indigo,Delhi,Bhubaneswar,09:50:00,12:00:00,02:10:00
6E 6132,Indigo,Delhi,Bhubaneswar,12:15:00,15:55:00,03:40:00
6E 6132,Indigo,Delhi,Bhubaneswar,12:15:00,15:55:00,03:40:00
6E 211,Indigo,Delhi,Bhubaneswar,15:50:00,18:00:00,02:10:00
6E 887,Indigo,Delhi,Bhubaneswar,18:25:00,20:35:00,02:10:00
6E 887,Indigo,Delhi,Bhubaneswar,18:25:00,20:35:00,02:10:00
6E 111,Indigo,Delhi,Bhubaneswar,22:25:00,00:30:00,02:05:00
6E 3816,Indigo,Delhi,Chandigarh,06:45:00,07:40:00,00:55:00
6E 9937,Indigo,Delhi,Chandigarh,09:30:00,10:25:00,00:55:00
6E 516,Indigo,Delhi,Chandigarh,10:30:00,11:20:00,00:50:00
6E 516,Indigo,Delhi,Chandigarh,10:30:00,11:20:00,00:50:00
6E 516,Indigo,Delhi,Chandigarh,10:30:00,11:20:00,00:50:00
6E 516,Indigo,Delhi,Chandigarh,10:30:00,11:20:00,00:50:00
6E 516,Indigo,Delhi,Chandigarh,10:30:00,11:20:00,00:50:00
6E 516,Indigo,Delhi,Chandigarh,10:30:00,11:20:00,00:50:00
6E 516,Indigo,Delhi,Chandigarh,10:30:00,11:20:00,00:50:00
6E 516,Indigo,Delhi,Chandigarh,10:30:00,11:20:00,00:50:00
6E 516,Indigo,Delhi,Chandigarh,10:30:00,11:20:00,00:50:00
6E 937,Indigo,Delhi,Chandigarh,13:50:00,14:45:00,00:55:00
6E 3598,Indigo,Delhi,Chandigarh,16:30:00,17:25:00,00:55:00
6E 4296,Indigo,Delhi,Chennai,03:30:00,06:15:00,02:45:00
6E 985,Indigo,Delhi,Chennai,06:40:00,09:25:00,02:45:00
6E 606,Indigo,Delhi,Chennai,07:30:00,10:15:00,02:45:00
6E 859,Indigo,Delhi,Chennai,08:25:00,11:15:00,02:50:00
6E 443,Indigo,Delhi,Chennai,10:00:00,12:55:00,02:55:00
6E 367,Indigo,Delhi,Chennai,13:20:00,16:10:00,02:50:00
6E 3752,Indigo,Delhi,Chennai,13:50:00,18:25:00,04:35:00
6E 4667,Indigo,Delhi,Chennai,15:50:00,18:45:00,02:55:00
6E 613,Indigo,Delhi,Chennai,17:35:00,20:30:00,02:55:00
6E 979,Indigo,Delhi,Chennai,20:10:00,22:55:00,02:45:00
6E 5517,Indigo,Delhi,Chennai,21:20:00,00:10:00,02:50:00
6E 519,Indigo,Delhi,Chennai,22:00:00,00:45:00,02:45:00
6E 6213,Indigo,Delhi,Coimbatore,06:40:00,09:35:00,02:55:00
6E 985,Indigo,Delhi,Coimbatore,06:40:00,10:55:00,04:15:00
6E 3752,Indigo,Delhi,Coimbatore,13:50:00,16:45:00,02:55:00
6E 964,Indigo,Delhi,Dehradun,11:05:00,12:05:00,01:00:00
6E 966,Indigo,Delhi,Dehradun,13:00:00,13:50:00,00:50:00
6E 246,Indigo,Delhi,Dehradun,16:25:00,17:25:00,01:00:00
6E 246,Indigo,Delhi,Dehradun,16:35:00,17:30:00,00:55:00
6E 632,Indigo,Delhi,Dehradun,18:05:00,18:55:00,00:50:00
6E 591,Indigo,Delhi,Dibrugarh,09:55:00,14:10:00,04:15:00
6E 3645,Indigo,Delhi,Dibrugarh,10:45:00,13:25:00,02:40:00
6E 377,Indigo,Delhi,Dimapur,08:20:00,12:20:00,04:00:00
6E 179,Indigo,Delhi,Goa,08:30:00,12:30:00,04:00:00
6E 181,Indigo,Delhi,Goa,09:30:00,13:25:00,03:55:00
6E 181,Indigo,Delhi,Goa,09:30:00,13:25:00,03:55:00
6E 329,Indigo,Delhi,Goa,10:50:00,13:20:00,02:30:00
6E 161,Indigo,Delhi,Goa,11:20:00,14:55:00,03:35:00
6E 399,Indigo,Delhi,Goa,12:00:00,14:45:00,02:45:00
6E 295,Indigo,Delhi,Goa,14:00:00,16:50:00,02:50:00
6E 3473,Indigo,Delhi,Goa,14:40:00,17:20:00,02:40:00
6E 3473,Indigo,Delhi,Goa,14:40:00,17:20:00,02:40:00
6E 3473,Indigo,Delhi,Goa,15:35:00,18:10:00,02:35:00
6E 341,Indigo,Delhi,Goa,18:40:00,21:15:00,02:35:00
6E 505,Indigo,Delhi,Goa,22:15:00,00:45:00,02:30:00
6E 251,Indigo,Delhi,Guwahati,05:35:00,07:50:00,02:15:00
6E 251,Indigo,Delhi,Guwahati,05:35:00,07:50:00,02:15:00
6E 251,Indigo,Delhi,Guwahati,06:45:00,08:55:00,02:10:00
6E 939,Indigo,Delhi,Guwahati,07:50:00,10:10:00,02:20:00
6E 3645,Indigo,Delhi,Guwahati,10:45:00,14:40:00,03:55:00
6E 5193,Indigo,Delhi,Guwahati,17:20:00,19:35:00,02:15:00
6E 765,Indigo,Delhi,Hyderabad,05:10:00,07:15:00,02:05:00
6E 303,Indigo,Delhi,Hyderabad,06:50:00,08:55:00,02:05:00
6E 683,Indigo,Delhi,Hyderabad,08:00:00,10:10:00,02:10:00
6E 4297,Indigo,Delhi,Hyderabad,08:50:00,11:10:00,02:20:00
6E 739,Indigo,Delhi,Hyderabad,11:50:00,14:00:00,02:10:00
6E 575,Indigo,Delhi,Hyderabad,13:05:00,15:20:00,02:15:00
6E 679,Indigo,Delhi,Hyderabad,14:05:00,16:10:00,02:05:00
6E 747,Indigo,Delhi,Hyderabad,16:05:00,18:20:00,02:15:00
6E 747,Indigo,Delhi,Hyderabad,16:05:00,18:20:00,02:15:00
6E 747,Indigo,Delhi,Hyderabad,17:00:00,19:15:00,02:15:00
6E 601,Indigo,Delhi,Hyderabad,18:55:00,21:05:00,02:10:00
6E 635,Indigo,Delhi,Hyderabad,20:25:00,22:35:00,02:10:00
6E 767,Indigo,Delhi,Hyderabad,21:35:00,23:50:00,02:15:00
6E 251,Indigo,Delhi,Imphal,05:35:00,09:15:00,03:40:00
6E 251,Indigo,Delhi,Imphal,05:35:00,09:15:00,03:40:00
6E 251,Indigo,Delhi,Imphal,06:45:00,10:20:00,03:35:00
6E 939,Indigo,Delhi,Imphal,07:50:00,11:30:00,03:40:00
6E 656,Indigo,Delhi,Indore,05:35:00,07:00:00,01:25:00
6E 6676,Indigo,Delhi,Indore,11:10:00,12:25:00,01:15:00
6E 4651,Indigo,Delhi,Indore,15:05:00,16:30:00,01:25:00
6E 436,Indigo,Delhi,Indore,16:50:00,18:15:00,01:25:00
6E 646,Indigo,Delhi,Indore,19:40:00,20:55:00,01:15:00
6E 814,Indigo,Delhi,Jaipur,07:25:00,08:20:00,00:55:00
6E 525,Indigo,Delhi,Jaipur,09:55:00,10:50:00,00:55:00
6E 9244,Indigo,Delhi,Jaipur,19:20:00,20:15:00,00:55:00
6E 244,Indigo,Delhi,Jaipur,20:20:00,21:15:00,00:55:00
6E 554,Indigo,Delhi,Jammu,07:40:00,09:10:00,01:30:00
6E 4062,Indigo,Delhi,Jammu,09:45:00,11:05:00,01:20:00
6E 653,Indigo,Delhi,Jammu,10:05:00,13:05:00,03:00:00
6E 5114,Indigo,Delhi,Jammu,14:20:00,15:45:00,01:25:00
6E 315,Indigo,Delhi,Kochi,06:25:00,09:30:00,03:05:00
6E 683,Indigo,Delhi,Kochi,08:00:00,12:15:00,04:15:00
6E 859,Indigo,Delhi,Kochi,08:25:00,12:55:00,04:30:00
6E 223,Indigo,Delhi,Kochi,10:40:00,15:30:00,04:50:00
6E 223,Indigo,Delhi,Kochi,10:40:00,15:30:00,04:50:00
6E 223,Indigo,Delhi,Kochi,12:20:00,15:30:00,03:10:00
6E 4193,Indigo,Delhi,Kochi,13:30:00,16:40:00,03:10:00
6E 249,Indigo,Delhi,Kochi,21:05:00,00:05:00,03:00:00
6E 249,Indigo,Delhi,Kochi,21:05:00,00:05:00,03:00:00
6E 441,Indigo,Delhi,Kochi,21:05:00,01:35:00,04:30:00
6E 441,Indigo,Delhi,Kochi,21:05:00,01:35:00,04:30:00
6E 6615,Indigo,Delhi,Kolkata,05:05:00,07:15:00,02:10:00
6E 861,Indigo,Delhi,Kolkata,06:10:00,08:15:00,02:05:00
6E 634,Indigo,Delhi,Kolkata,07:00:00,10:25:00,03:25:00
6E 219,Indigo,Delhi,Kolkata,07:15:00,09:20:00,02:05:00
6E 377,Indigo,Delhi,Kolkata,08:20:00,10:20:00,02:00:00
6E 591,Indigo,Delhi,Kolkata,09:55:00,12:05:00,02:10:00
6E 6132,Indigo,Delhi,Kolkata,12:15:00,14:30:00,02:15:00
6E 6132,Indigo,Delhi,Kolkata,12:15:00,14:30:00,02:15:00
6E 921,Indigo,Delhi,Kolkata,13:40:00,15:45:00,02:05:00
6E 786,Indigo,Delhi,Kolkata,15:10:00,17:20:00,02:10:00
6E 283,Indigo,Delhi,Kolkata,16:45:00,19:05:00,02:20:00
6E 307,Indigo,Delhi,Kolkata,17:30:00,19:35:00,02:05:00
6E 277,Indigo,Delhi,Kolkata,19:35:00,21:45:00,02:10:00
6E 173,Indigo,Delhi,Kolkata,20:40:00,22:45:00,02:05:00
6E 299,Indigo,Delhi,Kolkata,21:25:00,23:35:00,02:10:00
6E 783,Indigo,Delhi,Kolkata,22:30:00,00:35:00,02:05:00
6E 783,Indigo,Delhi,Kolkata,22:30:00,00:35:00,02:05:00
6E 129,Indigo,Delhi,Kozhikode,17:40:00,22:35:00,04:55:00
6E 6612,Indigo,Delhi,Lucknow,06:35:00,07:30:00,00:55:00
6E 634,Indigo,Delhi,Lucknow,07:00:00,08:05:00,01:05:00
6E 634,Indigo,Delhi,Lucknow,07:00:00,08:10:00,01:10:00
6E 634,Indigo,Delhi,Lucknow,07:00:00,08:05:00,01:05:00
6E 3612,Indigo,Delhi,Lucknow,09:05:00,10:10:00,01:05:00
6E 3457,Indigo,Delhi,Lucknow,13:20:00,14:30:00,01:10:00
6E 959,Indigo,Delhi,Lucknow,16:50:00,17:55:00,01:05:00
6E 5156,Indigo,Delhi,Lucknow,19:20:00,20:30:00,01:10:00
6E 528,Indigo,Delhi,Lucknow,21:45:00,22:50:00,01:05:00
6E 282,Indigo,Delhi,Lucknow,22:50:00,23:55:00,01:05:00
6E 282,Indigo,Delhi,Lucknow,22:50:00,23:55:00,01:05:00
6E 171,Indigo,Delhi,Mumbai,05:30:00,07:40:00,02:10:00
6E 993,Indigo,Delhi,Mumbai,06:30:00,08:30:00,02:00:00
6E 167,Indigo,Delhi,Mumbai,07:30:00,09:40:00,02:10:00
6E 179,Indigo,Delhi,Mumbai,08:30:00,10:40:00,02:10:00
6E 181,Indigo,Delhi,Mumbai,09:00:00,10:55:00,01:55:00
6E 181,Indigo,Delhi,Mumbai,09:30:00,11:35:00,02:05:00
6E 181,Indigo,Delhi,Mumbai,09:30:00,11:35:00,02:05:00
6E 179,Indigo,Delhi,Mumbai,09:35:00,11:50:00,02:15:00
6E 223,Indigo,Delhi,Mumbai,10:40:00,12:45:00,02:05:00
6E 223,Indigo,Delhi,Mumbai,10:40:00,12:45:00,02:05:00
6E 957,Indigo,Delhi,Mumbai,11:30:00,13:35:00,02:05:00
6E 957,Indigo,Delhi,Mumbai,11:30:00,13:35:00,02:05:00
6E 3175,Indigo,Delhi,Mumbai,13:00:00,15:05:00,02:05:00
6E 3175,Indigo,Delhi,Mumbai,13:00:00,15:05:00,02:05:00
6E 189,Indigo,Delhi,Mumbai,15:05:00,17:10:00,02:05:00
6E 755,Indigo,Delhi,Mumbai,16:00:00,18:10:00,02:10:00
6E 191,Indigo,Delhi,Mumbai,16:55:00,19:15:00,02:20:00
6E 129,Indigo,Delhi,Mumbai,17:40:00,20:00:00,02:20:00
6E 843,Indigo,Delhi,Mumbai,18:35:00,20:40:00,02:05:00
6E 197,Indigo,Delhi,Mumbai,19:30:00,21:40:00,02:10:00
6E 185,Indigo,Delhi,Mumbai,20:30:00,22:40:00,02:10:00
6E 665,Indigo,Delhi,Mumbai,21:30:00,23:35:00,02:05:00
6E 155,Indigo,Delhi,Mumbai,22:30:00,00:40:00,02:10:00
6E 6819,Indigo,Delhi,Nagpur,05:25:00,07:00:00,01:35:00
6E 181,Indigo,Delhi,Nagpur,09:00:00,13:05:00,04:05:00
6E 135,Indigo,Delhi,Nagpur,10:25:00,12:10:00,01:45:00
6E 929,Indigo,Delhi,Nagpur,14:50:00,16:30:00,01:40:00
6E 436,Indigo,Delhi,Nagpur,16:50:00,19:40:00,02:50:00
6E 221,Indigo,Delhi,Nagpur,19:55:00,21:30:00,01:35:00
6E 894,Indigo,Delhi,Nagpur,21:10:00,22:45:00,01:35:00
6E 494,Indigo,Delhi,Patna,07:00:00,08:40:00,01:40:00
6E 494,Indigo,Delhi,Patna,07:00:00,08:40:00,01:40:00
6E 634,Indigo,Delhi,Patna,07:00:00,09:30:00,02:30:00
6E 634,Indigo,Delhi,Patna,07:00:00,09:30:00,02:30:00
6E 652,Indigo,Delhi,Patna,08:45:00,10:30:00,01:45:00
6E 5126,Indigo,Delhi,Patna,12:20:00,13:55:00,01:35:00
6E 581,Indigo,Delhi,Patna,14:15:00,15:45:00,01:30:00
6E 493,Indigo,Delhi,Patna,15:40:00,18:45:00,03:05:00
6E 5192,Indigo,Delhi,Patna,15:45:00,17:15:00,01:30:00
6E 6615,Indigo,Delhi,Port Blair,05:05:00,10:00:00,04:55:00
6E 177,Indigo,Delhi,Pune,02:35:00,04:40:00,02:05:00
6E 643,Indigo,Delhi,Pune,05:00:00,07:00:00,02:00:00
6E 769,Indigo,Delhi,Pune,08:05:00,10:10:00,02:05:00
6E 769,Indigo,Delhi,Pune,08:10:00,10:35:00,02:25:00
6E 135,Indigo,Delhi,Pune,10:25:00,14:00:00,03:35:00
6E 105,Indigo,Delhi,Pune,14:45:00,16:50:00,02:05:00
6E 763,Indigo,Delhi,Pune,17:50:00,19:55:00,02:05:00
6E 221,Indigo,Delhi,Pune,19:55:00,23:15:00,03:20:00
6E 671,Indigo,Delhi,Pune,20:55:00,23:00:00,02:05:00
6E 693,Indigo,Delhi,Pune,23:35:00,01:40:00,02:05:00
6E 757,Indigo,Delhi,Raipur,06:55:00,08:40:00,01:45:00
6E 757,Indigo,Delhi,Raipur,07:40:00,09:25:00,01:45:00
6E 393,Indigo,Delhi,Raipur,08:15:00,10:00:00,01:45:00
6E 201,Indigo,Delhi,Raipur,12:50:00,14:25:00,01:35:00
6E 4999,Indigo,Delhi,Raipur,17:30:00,19:15:00,01:45:00
6E 421,Indigo,Delhi,Ranchi,07:25:00,09:05:00,01:40:00
6E 509,Indigo,Delhi,Ranchi,11:50:00,13:35:00,01:45:00
6E 493,Indigo,Delhi,Ranchi,15:40:00,17:25:00,01:45:00
6E 209,Indigo,Delhi,Ranchi,17:55:00,19:45:00,01:50:00
6E 554,Indigo,Delhi,Srinagar,07:40:00,10:20:00,02:40:00
6E 653,Indigo,Delhi,Srinagar,10:05:00,11:40:00,01:35:00
6E 4961,Indigo,Delhi,Srinagar,13:00:00,14:20:00,01:20:00
6E 315,Indigo,Delhi,Thiruvananthapuram,06:25:00,10:50:00,04:25:00
6E 957,Indigo,Delhi,Thiruvananthapuram,11:30:00,14:50:00,03:20:00
6E 957,Indigo,Delhi,Thiruvananthapuram,11:30:00,16:25:00,04:55:00
6E 957,Indigo,Delhi,Thiruvananthapuram,11:30:00,16:25:00,04:55:00
6E 4217,Indigo,Delhi,Thiruvananthapuram,15:55:00,19:20:00,03:25:00
6E 249,Indigo,Delhi,Thiruvananthapuram,21:05:00,01:25:00,04:20:00
6E 249,Indigo,Delhi,Thiruvananthapuram,21:05:00,01:25:00,04:20:00
6E 441,Indigo,Delhi,Thiruvananthapuram,21:05:00,00:20:00,03:15:00
6E 441,Indigo,Delhi,Thiruvananthapuram,21:05:00,00:20:00,03:15:00
6E 524,Indigo,Delhi,Udaipur,05:15:00,06:40:00,01:25:00
6E 746,Indigo,Delhi,Udaipur,08:25:00,09:40:00,01:15:00
6E 751,Indigo,Delhi,Udaipur,13:30:00,14:50:00,01:20:00
6E 702,Indigo,Delhi,Vadodara,05:45:00,07:20:00,01:35:00
6E 161,Indigo,Delhi,Vadodara,11:20:00,12:40:00,01:20:00
6E 4064,Indigo,Delhi,Vadodara,14:00:00,15:30:00,01:30:00
6E 775,Indigo,Delhi,Vadodara,18:45:00,20:15:00,01:30:00
6E 308,Indigo,Delhi,Varanasi,08:55:00,10:20:00,01:25:00
6E 4206,Indigo,Delhi,Varanasi,13:10:00,14:30:00,01:20:00
6E 176,Indigo,Delhi,Varanasi,16:20:00,17:40:00,01:20:00
6E 632,Indigo,Delhi,Varanasi,17:55:00,19:45:00,01:50:00
6E 632,Indigo,Delhi,Varanasi,17:55:00,19:45:00,01:50:00
6E 719,Indigo,Delhi,Visakhapatnam,05:35:00,07:35:00,02:00:00
6E 739,Indigo,Delhi,Visakhapatnam,11:50:00,15:40:00,03:50:00
6E 5313,Indigo,Delhi,Visakhapatnam,19:15:00,21:30:00,02:15:00
6E 5313,Indigo,Delhi,Visakhapatnam,20:05:00,22:20:00,02:15:00
6E 3645,Indigo,Dibrugarh,Delhi,13:55:00,18:20:00,04:25:00
6E 206,Indigo,Dibrugarh,Delhi,14:40:00,19:20:00,04:40:00
6E 3645,Indigo,Dibrugarh,Guwahati,13:55:00,14:40:00,00:45:00
6E 206,Indigo,Dibrugarh,Kolkata,14:40:00,16:25:00,01:45:00
6E 6766,Indigo,Dimapur,Delhi,12:50:00,17:20:00,04:30:00
6E 6766,Indigo,Dimapur,Kolkata,12:50:00,14:25:00,01:35:00
6E 948,Indigo,Goa,Ahmedabad,01:55:00,03:35:00,01:40:00
6E 162,Indigo,Goa,Ahmedabad,15:25:00,17:05:00,01:40:00
6E 617,Indigo,Goa,Bengaluru,00:45:00,02:00:00,01:15:00
6E 499,Indigo,Goa,Bengaluru,08:15:00,09:25:00,01:10:00
6E 712,Indigo,Goa,Bengaluru,14:45:00,15:55:00,01:10:00
6E 6493,Indigo,Goa,Bengaluru,16:35:00,17:40:00,01:05:00
6E 381,Indigo,Goa,Chennai,14:35:00,17:50:00,03:15:00
6E 381,Indigo,Goa,Chennai,14:45:00,17:45:00,03:00:00
6E 5532,Indigo,Goa,Delhi,01:15:00,03:45:00,02:30:00
6E 5097,Indigo,Goa,Delhi,13:00:00,17:35:00,04:35:00
6E 5097,Indigo,Goa,Delhi,13:00:00,15:35:00,02:35:00
6E 5097,Indigo,Goa,Delhi,13:00:00,17:35:00,04:35:00
6E 332,Indigo,Goa,Delhi,13:50:00,16:25:00,02:35:00
6E 4386,Indigo,Goa,Delhi,15:20:00,18:05:00,02:45:00
6E 162,Indigo,Goa,Delhi,15:25:00,19:35:00,04:10:00
6E 4066,Indigo,Goa,Delhi,17:25:00,21:45:00,04:20:00
6E 724,Indigo,Goa,Delhi,17:50:00,20:30:00,02:40:00
6E 724,Indigo,Goa,Delhi,17:50:00,20:30:00,02:40:00
6E 724,Indigo,Goa,Delhi,18:40:00,21:20:00,02:40:00
6E 368,Indigo,Goa,Delhi,21:45:00,00:25:00,02:40:00
6E 813,Indigo,Goa,Guwahati,14:30:00,19:25:00,04:55:00
6E 813,Indigo,Goa,Guwahati,14:30:00,19:25:00,04:55:00
6E 813,Indigo,Goa,Guwahati,14:50:00,19:55:00,05:05:00
6E 989,Indigo,Goa,Hyderabad,01:10:00,02:25:00,01:15:00
6E 744,Indigo,Goa,Hyderabad,07:45:00,08:50:00,01:05:00
6E 381,Indigo,Goa,Hyderabad,14:35:00,16:00:00,01:25:00
6E 381,Indigo,Goa,Hyderabad,14:45:00,16:00:00,01:15:00
6E 252,Indigo,Goa,Indore,13:05:00,14:50:00,01:45:00
6E 633,Indigo,Goa,Kolkata,14:55:00,17:45:00,02:50:00
6E 6493,Indigo,Goa,Kolkata,16:35:00,20:40:00,04:05:00
6E 712,Indigo,Goa,Lucknow,14:45:00,19:05:00,04:20:00
 6E 633,Indigo,Goa,Lucknow,14:55:00,20:50:00,05:55:00
6E 5097,Indigo,Goa,Mumbai,13:00:00,14:20:00,01:20:00
6E 5097,Indigo,Goa,Mumbai,13:00:00,14:20:00,01:20:00
6E 438,Indigo,Goa,Mumbai,13:55:00,15:10:00,01:15:00
6E 438,Indigo,Goa,Mumbai,13:55:00,15:10:00,01:15:00
6E 813,Indigo,Goa,Mumbai,14:30:00,15:45:00,01:15:00
6E 813,Indigo,Goa,Mumbai,14:30:00,15:45:00,01:15:00
6E 712,Indigo,Goa,Mumbai,14:45:00,16:05:00,01:20:00
6E 712,Indigo,Goa,Mumbai,14:45:00,16:05:00,01:20:00
6E 813,Indigo,Goa,Mumbai,14:50:00,16:20:00,01:30:00
6E 418,Indigo,Goa,Mumbai,17:05:00,18:30:00,01:25:00
6E 4066,Indigo,Goa,Mumbai,17:25:00,18:45:00,01:20:00
6E 633,Indigo,Goa,Patna,14:55:00,19:25:00,04:30:00
6E 252,Indigo,Goa,Raipur,13:05:00,16:35:00,03:30:00
6E 162,Indigo,Goa,Vadodara,15:25:00,17:05:00,01:40:00
6E 712,Indigo,Goa,Varanasi,14:45:00,19:00:00,04:15:00
6E 712,Indigo,Goa,Varanasi,14:45:00,18:40:00,03:55:00
6E 712,Indigo,Goa,Varanasi,14:45:00,19:00:00,04:15:00
6E 457,Indigo,Guwahati,Agartala,11:15:00,12:05:00,00:50:00
6E 433,Indigo,Guwahati,Ahmedabad,16:35:00,22:25:00,05:50:00
6E 958,Indigo,Guwahati,Bagdogra,10:55:00,11:50:00,00:55:00
6E 389,Indigo,Guwahati,Bengaluru,08:30:00,11:45:00,03:15:00
6E 389,Indigo,Guwahati,Bengaluru,08:55:00,12:15:00,03:20:00
6E 316,Indigo,Guwahati,Bengaluru,17:00:00,20:15:00,03:15:00
6E 389,Indigo,Guwahati,Chennai,08:30:00,13:35:00,05:05:00
6E 291,Indigo,Guwahati,Chennai,17:55:00,22:10:00,04:15:00
6E 136,Indigo,Guwahati,Chennai,18:45:00,21:45:00,03:00:00
6E 222,Indigo,Guwahati,Delhi,11:05:00,14:00:00,02:55:00
6E 222,Indigo,Guwahati,Delhi,11:05:00,14:00:00,02:55:00
6E 222,Indigo,Guwahati,Delhi,12:15:00,14:55:00,02:40:00
6E 3906,Indigo,Guwahati,Delhi,13:20:00,16:10:00,02:50:00
6E 3645,Indigo,Guwahati,Delhi,15:10:00,18:20:00,03:10:00
6E 558,Indigo,Guwahati,Delhi,20:05:00,22:55:00,02:50:00
6E 5924,Indigo,Guwahati,Goa,08:35:00,13:55:00,05:20:00
6E 5924,Indigo,Guwahati,Goa,08:35:00,13:55:00,05:20:00
6E 5924,Indigo,Guwahati,Goa,09:10:00,14:20:00,05:10:00
6E 316,Indigo,Guwahati,Hyderabad,17:00:00,21:50:00,04:50:00
6E 251,Indigo,Guwahati,Imphal,08:20:00,09:15:00,00:55:00
6E 251,Indigo,Guwahati,Imphal,08:20:00,09:15:00,00:55:00
6E 251,Indigo,Guwahati,Imphal,09:25:00,10:20:00,00:55:00
6E 939,Indigo,Guwahati,Imphal,10:40:00,11:30:00,00:50:00
6E 6204,Indigo,Guwahati,Jaipur,12:25:00,16:55:00,04:30:00
6E 918,Indigo,Guwahati,Kolkata,07:30:00,09:00:00,01:30:00
6E 958,Indigo,Guwahati,Kolkata,10:55:00,13:20:00,02:25:00
6E 6204,Indigo,Guwahati,Kolkata,12:25:00,13:50:00,01:25:00
6E 596,Indigo,Guwahati,Kolkata,14:25:00,15:40:00,01:15:00
6E 856,Indigo,Guwahati,Kolkata,15:40:00,16:55:00,01:15:00
6E 291,Indigo,Guwahati,Kolkata,17:55:00,19:15:00,01:20:00
6E 6248,Indigo,Guwahati,Kolkata,19:55:00,21:10:00,01:15:00
6E 6248,Indigo,Guwahati,Kolkata,19:55:00,21:10:00,01:15:00
6E 6248,Indigo,Guwahati,Kolkata,20:25:00,21:40:00,01:15:00
6E 6248,Indigo,Guwahati,Kolkata,21:30:00,22:40:00,01:10:00
6E 856,Indigo,Guwahati,Lucknow,15:40:00,19:10:00,03:30:00
6E 5924,Indigo,Guwahati,Mumbai,07:40:00,11:05:00,03:25:00
6E 5924,Indigo,Guwahati,Mumbai,08:35:00,12:00:00,03:25:00
6E 5924,Indigo,Guwahati,Mumbai,08:35:00,12:00:00,03:25:00
6E 5924,Indigo,Guwahati,Mumbai,09:10:00,12:35:00,03:25:00
6E 596,Indigo,Guwahati,Mumbai,14:25:00,20:00:00,05:35:00
6E 433,Indigo,Guwahati,Mumbai,16:35:00,20:05:00,03:30:00
6E 5924,Indigo,Guwahati,Raipur,07:40:00,13:45:00,06:05:00
 6E 457,Indigo,Hyderabad,Agartala,06:10:00,12:05:00,05:55:00
6E 3732,Indigo,Hyderabad,Ahmedabad,05:40:00,07:25:00,01:45:00
6E 215,Indigo,Hyderabad,Ahmedabad,17:45:00,19:15:00,01:30:00
6E 883,Indigo,Hyderabad,Ahmedabad,19:50:00,21:35:00,01:45:00
6E 822,Indigo,Hyderabad,Ahmedabad,22:10:00,23:55:00,01:45:00
6E 545,Indigo,Hyderabad,Bengaluru,05:10:00,06:15:00,01:05:00
6E 457,Indigo,Hyderabad,Bengaluru,06:10:00,07:15:00,01:05:00
6E 413,Indigo,Hyderabad,Bengaluru,07:10:00,08:15:00,01:05:00
6E 151,Indigo,Hyderabad,Bengaluru,08:40:00,09:50:00,01:10:00
6E 151,Indigo,Hyderabad,Bengaluru,08:40:00,09:55:00,01:15:00
6E 151,Indigo,Hyderabad,Bengaluru,08:40:00,09:50:00,01:10:00
6E 151,Indigo,Hyderabad,Bengaluru,08:40:00,09:50:00,01:10:00
6E 827,Indigo,Hyderabad,Bengaluru,10:55:00,11:55:00,01:00:00
6E 827,Indigo,Hyderabad,Bengaluru,11:35:00,12:40:00,01:05:00
6E 6417,Indigo,Hyderabad,Bengaluru,13:45:00,14:55:00,01:10:00
6E 6417,Indigo,Hyderabad,Bengaluru,13:55:00,15:05:00,01:10:00
6E 809,Indigo,Hyderabad,Bengaluru,14:45:00,16:00:00,01:15:00
6E 357,Indigo,Hyderabad,Bengaluru,19:00:00,20:20:00,01:20:00
6E 357,Indigo,Hyderabad,Bengaluru,19:00:00,20:20:00,01:20:00
6E 357,Indigo,Hyderabad,Bengaluru,19:45:00,21:05:00,01:20:00
6E 6505,Indigo,Hyderabad,Bengaluru,20:30:00,21:40:00,01:10:00
6E 265,Indigo,Hyderabad,Bengaluru,21:25:00,22:35:00,01:10:00
6E 265,Indigo,Hyderabad,Bengaluru,21:25:00,22:35:00,01:10:00
6E 265,Indigo,Hyderabad,Bengaluru,21:35:00,22:40:00,01:05:00
6E 511,Indigo,Hyderabad,Bengaluru,22:20:00,23:25:00,01:05:00
6E 651,Indigo,Hyderabad,Bengaluru,23:20:00,00:30:00,01:10:00
6E 266,Indigo,Hyderabad,Bhubaneswar,08:10:00,09:40:00,01:30:00
6E 754,Indigo,Hyderabad,Bhubaneswar,12:45:00,14:25:00,01:40:00
6E 645,Indigo,Hyderabad,Bhubaneswar,14:35:00,16:10:00,01:35:00
6E 264,Indigo,Hyderabad,Bhubaneswar,17:20:00,18:50:00,01:30:00
6E 264,Indigo,Hyderabad,Bhubaneswar,17:20:00,18:50:00,01:30:00
6E 264,Indigo,Hyderabad,Bhubaneswar,17:30:00,19:00:00,01:30:00
6E 247,Indigo,Hyderabad,Chandigarh,07:15:00,11:40:00,04:25:00
6E 247,Indigo,Hyderabad,Chandigarh,07:15:00,11:40:00,04:25:00
6E 872,Indigo,Hyderabad,Chennai,05:00:00,06:05:00,01:05:00
6E 188,Indigo,Hyderabad,Chennai,06:45:00,08:00:00,01:15:00
6E 561,Indigo,Hyderabad,Chennai,08:35:00,10:00:00,01:25:00
6E 311,Indigo,Hyderabad,Chennai,10:00:00,11:10:00,01:10:00
6E 706,Indigo,Hyderabad,Chennai,14:40:00,15:50:00,01:10:00
6E 381,Indigo,Hyderabad,Chennai,16:30:00,17:50:00,01:20:00
6E 381,Indigo,Hyderabad,Chennai,16:30:00,17:45:00,01:15:00
6E 385,Indigo,Hyderabad,Chennai,20:05:00,21:30:00,01:25:00
6E 815,Indigo,Hyderabad,Chennai,21:30:00,22:45:00,01:15:00
6E 405,Indigo,Hyderabad,Coimbatore,07:35:00,08:50:00,01:15:00
6E 745,Indigo,Hyderabad,Coimbatore,09:20:00,10:35:00,01:15:00
6E 405,Indigo,Hyderabad,Coimbatore,10:15:00,11:30:00,01:15:00
6E 777,Indigo,Hyderabad,Coimbatore,20:45:00,22:10:00,01:25:00
6E 966,Indigo,Hyderabad,Dehradun,09:35:00,13:50:00,04:15:00
6E 738,Indigo,Hyderabad,Delhi,05:05:00,07:25:00,02:20:00
6E 308,Indigo,Hyderabad,Delhi,06:00:00,08:15:00,02:15:00
6E 846,Indigo,Hyderabad,Delhi,07:45:00,10:00:00,02:15:00
6E 966,Indigo,Hyderabad,Delhi,09:35:00,11:50:00,02:15:00
6E 845,Indigo,Hyderabad,Delhi,11:45:00,14:10:00,02:25:00
6E 4468,Indigo,Hyderabad,Delhi,14:40:00,16:55:00,02:15:00
6E 6685,Indigo,Hyderabad,Delhi,16:25:00,18:35:00,02:10:00
6E 302,Indigo,Hyderabad,Delhi,17:40:00,20:00:00,02:20:00
6E 684,Indigo,Hyderabad,Delhi,18:30:00,20:45:00,02:15:00
6E 564,Indigo,Hyderabad,Delhi,21:10:00,23:30:00,02:20:00
6E 766,Indigo,Hyderabad,Delhi,22:05:00,00:20:00,02:15:00
6E 743,Indigo,Hyderabad,Goa,06:25:00,07:15:00,00:50:00
6E 382,Indigo,Hyderabad,Goa,12:50:00,14:15:00,01:25:00
6E 988,Indigo,Hyderabad,Goa,23:25:00,00:40:00,01:15:00
6E 457,Indigo,Hyderabad,Guwahati,06:10:00,10:45:00,04:35:00
6E 619,Indigo,Hyderabad,Indore,05:30:00,06:30:00,01:00:00
6E 587,Indigo,Hyderabad,Indore,17:40:00,19:05:00,01:25:00
6E 638,Indigo,Hyderabad,Jaipur,18:40:00,20:30:00,01:50:00
6E 638,Indigo,Hyderabad,Jaipur,19:05:00,20:55:00,01:50:00
6E 114,Indigo,Hyderabad,Jaipur,23:30:00,01:30:00,02:00:00
6E 114,Indigo,Hyderabad,Jaipur,23:30:00,01:30:00,02:00:00
6E 413,Indigo,Hyderabad,Kochi,07:10:00,09:50:00,02:40:00
6E 683,Indigo,Hyderabad,Kochi,10:40:00,12:15:00,01:35:00
6E 3316,Indigo,Hyderabad,Kochi,15:05:00,16:50:00,01:45:00
6E 353,Indigo,Hyderabad,Kolkata,06:15:00,08:20:00,02:05:00
6E 599,Indigo,Hyderabad,Kolkata,08:45:00,10:45:00,02:00:00
6E 6927,Indigo,Hyderabad,Kolkata,18:15:00,20:20:00,02:05:00
6E 539,Indigo,Hyderabad,Kolkata,21:20:00,23:30:00,02:10:00
6E 195,Indigo,Hyderabad,Kolkata,22:30:00,00:30:00,02:00:00
6E 195,Indigo,Hyderabad,Kolkata,22:30:00,00:30:00,02:00:00
6E 732,Indigo,Hyderabad,Lucknow,06:50:00,08:45:00,01:55:00
6E 301,Indigo,Hyderabad,Lucknow,14:20:00,16:35:00,02:15:00
6E 428,Indigo,Hyderabad,Mumbai,04:40:00,06:05:00,01:25:00
6E 235,Indigo,Hyderabad,Mumbai,05:45:00,07:05:00,01:20:00
6E 247,Indigo,Hyderabad,Mumbai,07:15:00,08:40:00,01:25:00
6E 608,Indigo,Hyderabad,Mumbai,09:50:00,11:25:00,01:35:00
6E 608,Indigo,Hyderabad,Mumbai,09:55:00,11:25:00,01:30:00
6E 819,Indigo,Hyderabad,Mumbai,12:20:00,13:45:00,01:25:00
6E 819,Indigo,Hyderabad,Mumbai,12:20:00,13:45:00,01:25:00
6E 809,Indigo,Hyderabad,Mumbai,14:45:00,16:05:00,01:20:00
6E 809,Indigo,Hyderabad,Mumbai,14:45:00,16:05:00,01:20:00
6E 983,Indigo,Hyderabad,Mumbai,16:40:00,18:20:00,01:40:00
6E 587,Indigo,Hyderabad,Mumbai,17:40:00,20:55:00,03:15:00
6E 231,Indigo,Hyderabad,Mumbai,19:10:00,20:40:00,01:30:00
6E 434,Indigo,Hyderabad,Nagpur,11:10:00,12:20:00,01:10:00
6E 188,Indigo,Hyderabad,Port Blair,06:45:00,11:15:00,04:30:00
6E 311,Indigo,Hyderabad,Pune,10:00:00,13:15:00,03:15:00
6E 496,Indigo,Hyderabad,Pune,14:25:00,15:35:00,01:10:00
6E 385,Indigo,Hyderabad,Pune,20:05:00,00:05:00,04:00:00
6E 384,Indigo,Hyderabad,Raipur,07:35:00,08:50:00,01:15:00
6E 466,Indigo,Hyderabad,Raipur,17:15:00,18:25:00,01:10:00
6E 706,Indigo,Hyderabad,Thiruvananthapuram,14:40:00,17:40:00,03:00:00
6E 308,Indigo,Hyderabad,Varanasi,06:00:00,10:20:00,04:20:00
6E 862,Indigo,Hyderabad,Varanasi,16:15:00,18:15:00,02:00:00
6E 6211,Indigo,Hyderabad,Visakhapatnam,06:35:00,07:40:00,01:05:00
6E 879,Indigo,Hyderabad,Visakhapatnam,08:45:00,09:55:00,01:10:00
6E 4608,Indigo,Hyderabad,Visakhapatnam,09:50:00,11:00:00,01:10:00
6E 366,Indigo,Hyderabad,Visakhapatnam,11:20:00,12:30:00,01:10:00
6E 739,Indigo,Hyderabad,Visakhapatnam,14:30:00,15:40:00,01:10:00
6E 611,Indigo,Hyderabad,Visakhapatnam,16:50:00,18:00:00,01:10:00
6E 773,Indigo,Hyderabad,Visakhapatnam,17:25:00,18:40:00,01:15:00
6E 4114,Indigo,Imphal,Agartala,13:00:00,13:55:00,00:55:00
6E 202,Indigo,Imphal,Ahmedabad,11:00:00,15:25:00,04:25:00
6E 202,Indigo,Imphal,Bengaluru,11:00:00,15:30:00,04:30:00
6E 875,Indigo,Imphal,Bengaluru,15:20:00,20:30:00,05:10:00
6E 222,Indigo,Imphal,Delhi,09:45:00,14:00:00,04:15:00
6E 222,Indigo,Imphal,Delhi,09:45:00,14:00:00,04:15:00
6E 222,Indigo,Imphal,Delhi,10:50:00,14:55:00,04:05:00
6E 3906,Indigo,Imphal,Delhi,12:00:00,16:10:00,04:10:00
6E 222,Indigo,Imphal,Guwahati,09:45:00,10:35:00,00:50:00
6E 222,Indigo,Imphal,Guwahati,09:45:00,10:35:00,00:50:00
6E 222,Indigo,Imphal,Guwahati,10:50:00,11:45:00,00:55:00
6E 3906,Indigo,Imphal,Guwahati,12:00:00,12:50:00,00:50:00
6E 202,Indigo,Imphal,Kolkata,11:00:00,12:15:00,01:15:00
6E 4114,Indigo,Imphal,Kolkata,13:00:00,15:20:00,02:20:00
6E 358,Indigo,Imphal,Kolkata,14:05:00,15:20:00,01:15:00
6E 875,Indigo,Imphal,Kolkata,15:20:00,16:35:00,01:15:00
6E 436,Indigo,Indore,Bengaluru,18:45:00,21:45:00,03:00:00
6E 708,Indigo,Indore,Bengaluru,19:25:00,21:00:00,01:35:00
6E 669,Indigo,Indore,Bhubaneswar,07:00:00,12:00:00,05:00:00
6E 669,Indigo,Indore,Delhi,07:00:00,08:30:00,01:30:00
6E 509,Indigo,Indore,Delhi,09:40:00,11:10:00,01:30:00
6E 3904,Indigo,Indore,Delhi,12:55:00,14:30:00,01:35:00
6E 5409,Indigo,Indore,Delhi,17:00:00,18:20:00,01:20:00
6E 657,Indigo,Indore,Delhi,21:20:00,22:55:00,01:35:00
6E 245,Indigo,Indore,Goa,10:40:00,12:35:00,01:55:00
6E 496,Indigo,Indore,Hyderabad,12:40:00,13:55:00,01:15:00
6E 648,Indigo,Indore,Hyderabad,21:25:00,22:40:00,01:15:00
6E 703,Indigo,Indore,Kolkata,07:40:00,11:05:00,03:25:00
6E 252,Indigo,Indore,Kolkata,15:20:00,18:30:00,03:10:00
6E 655,Indigo,Indore,Mumbai,07:30:00,08:45:00,01:15:00
6E 3904,Indigo,Indore,Mumbai,12:55:00,14:10:00,01:15:00
6E 3904,Indigo,Indore,Mumbai,12:55:00,14:10:00,01:15:00
6E 587,Indigo,Indore,Mumbai,19:35:00,20:55:00,01:20:00
6E 436,Indigo,Indore,Nagpur,18:45:00,19:40:00,00:55:00
6E 496,Indigo,Indore,Pune,12:40:00,15:35:00,02:55:00
6E 703,Indigo,Indore,Raipur,07:40:00,09:00:00,01:20:00
6E 252,Indigo,Indore,Raipur,15:20:00,16:35:00,01:15:00
6E 509,Indigo,Indore,Ranchi,09:40:00,13:35:00,03:55:00
6E 238,Indigo,Jaipur,Ahmedabad,08:15:00,09:25:00,01:10:00
6E 169,Indigo,Jaipur,Bengaluru,04:00:00,06:25:00,02:25:00
6E 151,Indigo,Jaipur,Bengaluru,06:10:00,09:50:00,03:40:00
6E 151,Indigo,Jaipur,Bengaluru,06:10:00,09:55:00,03:45:00
6E 151,Indigo,Jaipur,Bengaluru,06:10:00,09:50:00,03:40:00
6E 151,Indigo,Jaipur,Bengaluru,06:10:00,09:50:00,03:40:00
6E 642,Indigo,Jaipur,Bengaluru,09:00:00,11:30:00,02:30:00
6E 556,Indigo,Jaipur,Bengaluru,20:15:00,22:45:00,02:30:00
6E 606,Indigo,Jaipur,Chennai,06:00:00,10:15:00,04:15:00
6E 238,Indigo,Jaipur,Chennai,08:15:00,12:10:00,03:55:00
6E 569,Indigo,Jaipur,Chennai,14:05:00,16:50:00,02:45:00
6E 606,Indigo,Jaipur,Delhi,06:00:00,06:55:00,00:55:00
6E 4961,Indigo,Jaipur,Delhi,11:20:00,12:25:00,01:05:00
6E 295,Indigo,Jaipur,Delhi,12:20:00,13:20:00,01:00:00
6E 3813,Indigo,Jaipur,Delhi,20:25:00,21:25:00,01:00:00
6E 295,Indigo,Jaipur,Goa,12:20:00,16:50:00,04:30:00
6E 207,Indigo,Jaipur,Guwahati,07:55:00,11:50:00,03:55:00
6E 151,Indigo,Jaipur,Hyderabad,06:10:00,08:10:00,02:00:00
6E 151,Indigo,Jaipur,Hyderabad,06:10:00,08:10:00,02:00:00
6E 151,Indigo,Jaipur,Hyderabad,06:10:00,08:10:00,02:00:00
6E 151,Indigo,Jaipur,Hyderabad,06:10:00,08:10:00,02:00:00
6E 254,Indigo,Jaipur,Hyderabad,17:30:00,21:35:00,04:05:00
6E 6853,Indigo,Jaipur,Hyderabad,21:35:00,23:30:00,01:55:00
6E 6853,Indigo,Jaipur,Hyderabad,21:35:00,23:30:00,01:55:00
6E 207,Indigo,Jaipur,Kolkata,07:55:00,10:10:00,02:15:00
6E 237,Indigo,Jaipur,Kolkata,20:35:00,22:50:00,02:15:00
6E 6627,Indigo,Jaipur,Kolkata,21:45:00,23:55:00,02:10:00
6E 218,Indigo,Jaipur,Mumbai,05:20:00,07:10:00,01:50:00
6E 218,Indigo,Jaipur,Mumbai,05:30:00,07:20:00,01:50:00
6E 965,Indigo,Jaipur,Mumbai,08:50:00,10:35:00,01:45:00
6E 295,Indigo,Jaipur,Mumbai,12:10:00,14:05:00,01:55:00
6E 295,Indigo,Jaipur,Mumbai,12:10:00,14:05:00,01:55:00
6E 254,Indigo,Jaipur,Mumbai,17:30:00,19:30:00,02:00:00
6E 116,Indigo,Jaipur,Pune,22:00:00,23:55:00,01:55:00
6E 4961,Indigo,Jaipur,Srinagar,11:20:00,14:20:00,03:00:00
6E 554,Indigo,Jammu,Delhi,09:40:00,12:40:00,03:00:00
6E 6205,Indigo,Jammu,Delhi,11:40:00,13:15:00,01:35:00
6E 653,Indigo,Jammu,Delhi,13:35:00,15:05:00,01:30:00
6E 535,Indigo,Jammu,Delhi,16:15:00,17:30:00,01:15:00
6E 559,Indigo,Jammu,Mumbai,14:15:00,18:25:00,04:10:00
6E 554,Indigo,Jammu,Srinagar,09:40:00,10:20:00,00:40:00
6E 559,Indigo,Jammu,Srinagar,14:15:00,15:00:00,00:45:00
6E 215,Indigo,Kochi,Ahmedabad,13:50:00,18:00:00,04:10:00
6E 215,Indigo,Kochi,Ahmedabad,13:50:00,18:00:00,04:10:00
6E 215,Indigo,Kochi,Ahmedabad,15:45:00,19:15:00,03:30:00
6E 422,Indigo,Kochi,Bengaluru,10:30:00,11:30:00,01:00:00
6E 528,Indigo,Kochi,Bengaluru,15:30:00,16:25:00,00:55:00
6E 412,Indigo,Kochi,Bengaluru,20:45:00,21:45:00,01:00:00
6E 521,Indigo,Kochi,Bengaluru,23:50:00,01:10:00,01:20:00
6E 516,Indigo,Kochi,Chandigarh,06:40:00,11:20:00,04:40:00
6E 516,Indigo,Kochi,Chandigarh,06:40:00,11:20:00,04:40:00
6E 516,Indigo,Kochi,Chandigarh,06:40:00,11:20:00,04:40:00
6E 516,Indigo,Kochi,Chandigarh,06:40:00,11:20:00,04:40:00
6E 516,Indigo,Kochi,Chandigarh,06:40:00,11:20:00,04:40:00
6E 516,Indigo,Kochi,Chandigarh,06:40:00,11:20:00,04:40:00
6E 516,Indigo,Kochi,Chandigarh,06:40:00,11:20:00,04:40:00
6E 516,Indigo,Kochi,Chandigarh,06:40:00,11:20:00,04:40:00
6E 516,Indigo,Kochi,Chandigarh,06:40:00,11:20:00,04:40:00
6E 227,Indigo,Kochi,Chennai,04:40:00,05:55:00,01:15:00
6E 315,Indigo,Kochi,Chennai,10:00:00,12:35:00,02:35:00
6E 698,Indigo,Kochi,Chennai,13:25:00,14:40:00,01:15:00
6E 6957,Indigo,Kochi,Chennai,21:50:00,23:05:00,01:15:00
6E 249,Indigo,Kochi,Delhi,00:35:00,05:05:00,04:30:00
6E 249,Indigo,Kochi,Delhi,00:35:00,05:05:00,04:30:00
6E 441,Indigo,Kochi,Delhi,02:05:00,05:10:00,03:05:00
6E 441,Indigo,Kochi,Delhi,02:05:00,05:10:00,03:05:00
6E 516,Indigo,Kochi,Delhi,06:40:00,09:45:00,03:05:00
6E 4468,Indigo,Kochi,Delhi,12:45:00,16:55:00,04:10:00
6E 698,Indigo,Kochi,Delhi,13:25:00,18:05:00,04:40:00
6E 5312,Indigo,Kochi,Delhi,16:00:00,20:50:00,04:50:00
6E 706,Indigo,Kochi,Delhi,19:25:00,22:35:00,03:10:00
6E 334,Indigo,Kochi,Hyderabad,05:35:00,07:00:00,01:25:00
6E 334,Indigo,Kochi,Hyderabad,08:20:00,09:45:00,01:25:00
6E 4468,Indigo,Kochi,Hyderabad,12:45:00,14:10:00,01:25:00
6E 215,Indigo,Kochi,Hyderabad,15:45:00,17:15:00,01:30:00
6E 412,Indigo,Kochi,Hyderabad,20:45:00,23:20:00,02:35:00
6E 422,Indigo,Kochi,Kolkata,10:30:00,14:50:00,04:20:00
6E 298,Indigo,Kochi,Mumbai,07:55:00,10:05:00,02:10:00
6E 215,Indigo,Kochi,Mumbai,13:50:00,15:50:00,02:00:00
6E 215,Indigo,Kochi,Mumbai,13:50:00,15:50:00,02:00:00
6E 5312,Indigo,Kochi,Mumbai,16:00:00,18:05:00,02:05:00
6E 528,Indigo,Kochi,Pune,15:30:00,18:20:00,02:50:00
6E 249,Indigo,Kochi,Thiruvananthapuram,00:35:00,01:25:00,00:50:00
6E 249,Indigo,Kochi,Thiruvananthapuram,00:35:00,01:25:00,00:50:00
6E 315,Indigo,Kochi,Thiruvananthapuram,10:00:00,10:50:00,00:50:00
6E 139,Indigo,Kolkata,Agartala,07:25:00,08:25:00,01:00:00
6E 861,Indigo,Kolkata,Agartala,08:45:00,09:45:00,01:00:00
6E 358,Indigo,Kolkata,Agartala,11:15:00,12:15:00,01:00:00
6E 4114,Indigo,Kolkata,Agartala,11:15:00,13:55:00,02:40:00
6E 892,Indigo,Kolkata,Agartala,14:30:00,15:20:00,00:50:00
6E 374,Indigo,Kolkata,Agartala,15:50:00,16:50:00,01:00:00
6E 238,Indigo,Kolkata,Ahmedabad,05:20:00,09:25:00,04:05:00
6E 202,Indigo,Kolkata,Ahmedabad,12:45:00,15:25:00,02:40:00
6E 144,Indigo,Kolkata,Ahmedabad,18:40:00,21:30:00,02:50:00
6E 797,Indigo,Kolkata,Bagdogra,10:35:00,11:40:00,01:05:00
6E 433,Indigo,Kolkata,Bagdogra,13:30:00,14:35:00,01:05:00
6E 851,Indigo,Kolkata,Bengaluru,04:20:00,06:55:00,02:35:00
6E 379,Indigo,Kolkata,Bengaluru,06:05:00,08:40:00,02:35:00
6E 379,Indigo,Kolkata,Bengaluru,06:05:00,08:40:00,02:35:00
6E 271,Indigo,Kolkata,Bengaluru,06:15:00,09:55:00,03:40:00
6E 345,Indigo,Kolkata,Bengaluru,09:50:00,12:20:00,02:30:00
6E 202,Indigo,Kolkata,Bengaluru,12:45:00,15:30:00,02:45:00
6E 958,Indigo,Kolkata,Bengaluru,13:50:00,16:25:00,02:35:00
6E 6411,Indigo,Kolkata,Bengaluru,14:50:00,17:25:00,02:35:00
6E 6813,Indigo,Kolkata,Bengaluru,16:05:00,18:40:00,02:35:00
6E 875,Indigo,Kolkata,Bengaluru,17:35:00,20:30:00,02:55:00
6E 3869,Indigo,Kolkata,Bengaluru,19:15:00,22:55:00,03:40:00
6E 3869,Indigo,Kolkata,Bengaluru,19:25:00,23:00:00,03:35:00
6E 342,Indigo,Kolkata,Bengaluru,20:05:00,22:40:00,02:35:00
6E 716,Indigo,Kolkata,Bengaluru,21:20:00,23:55:00,02:35:00
6E 716,Indigo,Kolkata,Bengaluru,21:20:00,23:55:00,02:35:00
6E 716,Indigo,Kolkata,Bengaluru,21:40:00,00:15:00,02:35:00
6E 716,Indigo,Kolkata,Bengaluru,22:00:00,00:35:00,02:35:00
6E 506,Indigo,Kolkata,Bengaluru,22:25:00,01:05:00,02:40:00
6E 375,Indigo,Kolkata,Bhubaneswar,07:20:00,08:20:00,01:00:00
6E 512,Indigo,Kolkata,Bhubaneswar,12:00:00,13:05:00,01:05:00
6E 6132,Indigo,Kolkata,Bhubaneswar,15:00:00,15:55:00,00:55:00
6E 6132,Indigo,Kolkata,Bhubaneswar,15:00:00,15:55:00,00:55:00
6E 3869,Indigo,Kolkata,Bhubaneswar,19:15:00,20:20:00,01:05:00
6E 3869,Indigo,Kolkata,Bhubaneswar,19:25:00,20:25:00,01:00:00
6E 309,Indigo,Kolkata,Bhubaneswar,23:35:00,00:50:00,01:15:00
6E 271,Indigo,Kolkata,Chennai,06:15:00,08:25:00,02:10:00
6E 6314,Indigo,Kolkata,Chennai,08:30:00,10:45:00,02:15:00
6E 659,Indigo,Kolkata,Chennai,10:55:00,13:30:00,02:35:00
6E 275,Indigo,Kolkata,Chennai,14:05:00,16:35:00,02:30:00
6E 3326,Indigo,Kolkata,Chennai,16:20:00,18:25:00,02:05:00
6E 534,Indigo,Kolkata,Chennai,18:20:00,20:45:00,02:25:00
6E 291,Indigo,Kolkata,Chennai,19:45:00,22:10:00,02:25:00
6E 584,Indigo,Kolkata,Chennai,23:15:00,01:40:00,02:25:00
6E 275,Indigo,Kolkata,Coimbatore,14:05:00,18:10:00,04:05:00
6E 746,Indigo,Kolkata,Delhi,05:15:00,07:40:00,02:25:00
6E 746,Indigo,Kolkata,Delhi,05:15:00,07:40:00,02:25:00
6E 3327,Indigo,Kolkata,Delhi,06:00:00,08:25:00,02:25:00
6E 3327,Indigo,Kolkata,Delhi,06:20:00,08:45:00,02:25:00
6E 3327,Indigo,Kolkata,Delhi,06:20:00,08:45:00,02:25:00
6E 5324,Indigo,Kolkata,Delhi,07:05:00,09:30:00,02:25:00
6E 854,Indigo,Kolkata,Delhi,08:50:00,11:15:00,02:25:00
6E 6788,Indigo,Kolkata,Delhi,09:45:00,12:50:00,03:05:00
6E 6488,Indigo,Kolkata,Delhi,11:40:00,14:10:00,02:30:00
6E 6616,Indigo,Kolkata,Delhi,13:05:00,15:15:00,02:10:00
6E 6766,Indigo,Kolkata,Delhi,14:55:00,17:20:00,02:25:00
6E 206,Indigo,Kolkata,Delhi,16:55:00,19:20:00,02:25:00
6E 5401,Indigo,Kolkata,Delhi,17:55:00,20:05:00,02:10:00
6E 5401,Indigo,Kolkata,Delhi,17:55:00,20:05:00,02:10:00
6E 6518,Indigo,Kolkata,Delhi,19:00:00,21:30:00,02:30:00
6E 476,Indigo,Kolkata,Delhi,20:00:00,22:10:00,02:10:00
6E 224,Indigo,Kolkata,Delhi,21:30:00,00:10:00,02:40:00
6E 224,Indigo,Kolkata,Delhi,21:30:00,00:10:00,02:40:00
6E 224,Indigo,Kolkata,Delhi,22:10:00,00:40:00,02:30:00
6E 152,Indigo,Kolkata,Delhi,22:20:00,00:50:00,02:30:00
6E 591,Indigo,Kolkata,Dibrugarh,12:35:00,14:10:00,01:35:00
6E 377,Indigo,Kolkata,Dimapur,10:50:00,12:20:00,01:30:00
6E 634,Indigo,Kolkata,Goa,11:30:00,14:25:00,02:55:00
6E 3955,Indigo,Kolkata,Guwahati,05:45:00,07:00:00,01:15:00
6E 623,Indigo,Kolkata,Guwahati,05:55:00,07:10:00,01:15:00
6E 623,Indigo,Kolkata,Guwahati,06:50:00,08:05:00,01:15:00
6E 623,Indigo,Kolkata,Guwahati,06:50:00,08:05:00,01:15:00
6E 623,Indigo,Kolkata,Guwahati,07:25:00,08:40:00,01:15:00
6E 207,Indigo,Kolkata,Guwahati,10:40:00,11:50:00,01:10:00
6E 321,Indigo,Kolkata,Guwahati,12:40:00,13:55:00,01:15:00
6E 857,Indigo,Kolkata,Guwahati,13:55:00,15:10:00,01:15:00
6E 292,Indigo,Kolkata,Guwahati,16:10:00,17:20:00,01:10:00
6E 788,Indigo,Kolkata,Hyderabad,06:00:00,08:15:00,02:15:00
6E 886,Indigo,Kolkata,Hyderabad,15:30:00,17:40:00,02:10:00
6E 836,Indigo,Kolkata,Hyderabad,18:45:00,20:50:00,02:05:00
6E 6619,Indigo,Kolkata,Hyderabad,20:10:00,22:25:00,02:15:00
6E 194,Indigo,Kolkata,Hyderabad,23:20:00,01:30:00,02:10:00
6E 194,Indigo,Kolkata,Hyderabad,23:20:00,01:30:00,02:10:00
6E 523,Indigo,Kolkata,Imphal,09:10:00,10:30:00,01:20:00
6E 358,Indigo,Kolkata,Imphal,11:15:00,13:35:00,02:20:00
6E 4114,Indigo,Kolkata,Imphal,11:15:00,12:30:00,01:15:00
6E 874,Indigo,Kolkata,Imphal,13:30:00,14:50:00,01:20:00
6E 245,Indigo,Kolkata,Indore,06:40:00,09:55:00,03:15:00
6E 708,Indigo,Kolkata,Indore,15:20:00,18:55:00,03:35:00
6E 238,Indigo,Kolkata,Jaipur,05:20:00,07:45:00,02:25:00
6E 6204,Indigo,Kolkata,Jaipur,14:20:00,16:55:00,02:35:00
6E 832,Indigo,Kolkata,Jaipur,21:40:00,00:05:00,02:25:00
6E 832,Indigo,Kolkata,Jaipur,21:40:00,00:05:00,02:25:00
6E 832,Indigo,Kolkata,Jaipur,22:10:00,00:35:00,02:25:00
6E 832,Indigo,Kolkata,Jaipur,22:10:00,00:35:00,02:25:00
6E 3832,Indigo,Kolkata,Jaipur,23:10:00,01:35:00,02:25:00
6E 6813,Indigo,Kolkata,Kochi,16:05:00,20:15:00,04:10:00
6E 339,Indigo,Kolkata,Lucknow,09:20:00,11:55:00,02:35:00
6E 339,Indigo,Kolkata,Lucknow,09:20:00,11:55:00,02:35:00
6E 339,Indigo,Kolkata,Lucknow,09:20:00,11:55:00,02:35:00
6E 339,Indigo,Kolkata,Lucknow,09:55:00,11:55:00,02:00:00
6E 856,Indigo,Kolkata,Lucknow,17:25:00,19:10:00,01:45:00
6E 633,Indigo,Kolkata,Lucknow,18:15:00,20:50:00,02:35:00
6E 318,Indigo,Kolkata,Mumbai,06:00:00,08:50:00,02:50:00
6E 462,Indigo,Kolkata,Mumbai,07:10:00,10:00:00,02:50:00
6E 375,Indigo,Kolkata,Mumbai,07:20:00,11:20:00,04:00:00
6E 375,Indigo,Kolkata,Mumbai,07:20:00,11:20:00,04:00:00
6E 659,Indigo,Kolkata,Mumbai,10:50:00,13:35:00,02:45:00
6E 659,Indigo,Kolkata,Mumbai,10:50:00,13:35:00,02:45:00
6E 326,Indigo,Kolkata,Mumbai,14:40:00,17:30:00,02:50:00
6E 596,Indigo,Kolkata,Mumbai,17:00:00,20:00:00,03:00:00
6E 388,Indigo,Kolkata,Mumbai,20:20:00,23:15:00,02:55:00
6E 388,Indigo,Kolkata,Mumbai,20:20:00,23:15:00,02:55:00
6E 4388,Indigo,Kolkata,Mumbai,22:55:00,01:45:00,02:50:00
6E 404,Indigo,Kolkata,Nagpur,17:55:00,19:55:00,02:00:00
6E 339,Indigo,Kolkata,Patna,09:20:00,10:25:00,01:05:00
6E 339,Indigo,Kolkata,Patna,09:20:00,10:25:00,01:05:00
6E 339,Indigo,Kolkata,Patna,09:20:00,10:25:00,01:05:00
6E 703,Indigo,Kolkata,Patna,11:55:00,13:05:00,01:10:00
6E 633,Indigo,Kolkata,Patna,18:15:00,19:25:00,01:10:00
6E 6615,Indigo,Kolkata,Port Blair,07:45:00,10:00:00,02:15:00
6E 202,Indigo,Kolkata,Pune,12:45:00,17:25:00,04:40:00
6E 794,Indigo,Kolkata,Pune,19:25:00,21:55:00,02:30:00
6E 245,Indigo,Kolkata,Raipur,06:40:00,08:05:00,01:25:00
6E 803,Indigo,Kolkata,Raipur,14:55:00,16:25:00,01:30:00
6E 708,Indigo,Kolkata,Raipur,15:20:00,16:55:00,01:35:00
6E 344,Indigo,Kolkata,Ranchi,11:50:00,12:50:00,01:00:00
6E 851,Indigo,Kolkata,Thiruvananthapuram,04:20:00,08:50:00,04:30:00
6E 379,Indigo,Kolkata,Thiruvananthapuram,06:05:00,10:25:00,04:20:00
6E 379,Indigo,Kolkata,Thiruvananthapuram,06:05:00,10:25:00,04:20:00
6E 746,Indigo,Kolkata,Udaipur,05:15:00,09:40:00,04:25:00
6E 746,Indigo,Kolkata,Udaipur,05:15:00,09:40:00,04:25:00
6E 713,Indigo,Kolkata,Varanasi,08:25:00,09:50:00,01:25:00
6E 833,Indigo,Kolkata,Visakhapatnam,10:30:00,12:25:00,01:55:00
6E 512,Indigo,Kolkata,Visakhapatnam,12:00:00,14:40:00,02:40:00
6E 5448,Indigo,Kozhikode,Chennai,11:40:00,12:40:00,01:00:00
6E 5448,Indigo,Kozhikode,Delhi,11:40:00,16:40:00,05:00:00
6E 5448,Indigo,Kozhikode,Mumbai,11:40:00,13:25:00,01:45:00
6E 5448,Indigo,Kozhikode,Mumbai,11:40:00,13:25:00,01:45:00
6E 574,Indigo,Lucknow,Ahmedabad,19:50:00,21:40:00,01:50:00
6E 541,Indigo,Lucknow,Bengaluru,06:30:00,09:00:00,02:30:00
6E 147,Indigo,Lucknow,Bengaluru,10:40:00,15:10:00,04:30:00
6E 226,Indigo,Lucknow,Bengaluru,14:10:00,16:40:00,02:30:00
6E 716,Indigo,Lucknow,Bengaluru,19:35:00,00:15:00,04:40:00
6E 991,Indigo,Lucknow,Bengaluru,23:20:00,01:50:00,02:30:00
6E 541,Indigo,Lucknow,Chennai,06:30:00,10:30:00,04:00:00
6E 574,Indigo,Lucknow,Chennai,19:50:00,00:05:00,04:15:00
6E 281,Indigo,Lucknow,Delhi,00:30:00,01:40:00,01:10:00
6E 281,Indigo,Lucknow,Delhi,00:30:00,01:40:00,01:10:00
6E 769,Indigo,Lucknow,Delhi,06:20:00,07:30:00,01:10:00
6E 769,Indigo,Lucknow,Delhi,06:20:00,07:25:00,01:05:00
6E 733,Indigo,Lucknow,Delhi,09:15:00,10:25:00,01:10:00
6E 147,Indigo,Lucknow,Delhi,10:40:00,11:55:00,01:15:00
6E 147,Indigo,Lucknow,Delhi,10:40:00,11:50:00,01:10:00
6E 3699,Indigo,Lucknow,Delhi,15:00:00,16:15:00,01:15:00
6E 185,Indigo,Lucknow,Delhi,18:25:00,19:40:00,01:15:00
6E 633,Indigo,Lucknow,Delhi,21:20:00,22:45:00,01:25:00
6E 447,Indigo,Lucknow,Delhi,22:15:00,23:30:00,01:15:00
 6E 634,Indigo,Lucknow,Goa,08:45:00,14:25:00,05:40:00
6E 634,Indigo,Lucknow,Goa,08:45:00,14:25:00,05:40:00
6E 857,Indigo,Lucknow,Guwahati,11:40:00,15:10:00,03:30:00
6E 6216,Indigo,Lucknow,Hyderabad,21:00:00,22:55:00,01:55:00
6E 634,Indigo,Lucknow,Kolkata,08:35:00,11:00:00,02:25:00
6E 634,Indigo,Lucknow,Kolkata,08:35:00,11:00:00,02:25:00
6E 634,Indigo,Lucknow,Kolkata,08:45:00,10:25:00,01:40:00
6E 857,Indigo,Lucknow,Kolkata,11:40:00,13:10:00,01:30:00
6E 342,Indigo,Lucknow,Kolkata,17:05:00,19:35:00,02:30:00
6E 716,Indigo,Lucknow,Kolkata,19:35:00,21:10:00,01:35:00
6E 685,Indigo,Lucknow,Mumbai,08:00:00,10:20:00,02:20:00
6E 339,Indigo,Lucknow,Mumbai,12:25:00,14:40:00,02:15:00
6E 339,Indigo,Lucknow,Mumbai,12:25:00,14:40:00,02:15:00
6E 579,Indigo,Lucknow,Mumbai,15:20:00,19:10:00,03:50:00
6E 339,Indigo,Lucknow,Mumbai,15:50:00,18:10:00,02:20:00
6E 185,Indigo,Lucknow,Mumbai,18:25:00,22:40:00,04:15:00
6E 634,Indigo,Lucknow,Patna,08:35:00,09:30:00,00:55:00
6E 634,Indigo,Lucknow,Patna,08:35:00,09:30:00,00:55:00
6E 342,Indigo,Lucknow,Patna,17:05:00,18:05:00,01:00:00
6E 769,Indigo,Lucknow,Pune,06:20:00,10:35:00,04:15:00
6E 769,Indigo,Lucknow,Pune,06:20:00,10:10:00,03:50:00
6E 339,Indigo,Lucknow,Vadodara,12:25:00,16:20:00,03:55:00
6E 339,Indigo,Lucknow,Vadodara,12:25:00,16:20:00,03:55:00
6E 579,Indigo,Lucknow,Varanasi,15:20:00,16:15:00,00:55:00
6E 213,Indigo,Mumbai,Ahmedabad,07:45:00,08:50:00,01:05:00
6E 213,Indigo,Mumbai,Ahmedabad,07:55:00,09:00:00,01:05:00
6E 215,Indigo,Mumbai,Ahmedabad,16:50:00,18:00:00,01:10:00
6E 215,Indigo,Mumbai,Ahmedabad,16:50:00,18:00:00,01:10:00
6E 243,Indigo,Mumbai,Ahmedabad,17:55:00,19:10:00,01:15:00
6E 639,Indigo,Mumbai,Ahmedabad,19:50:00,21:05:00,01:15:00
6E 433,Indigo,Mumbai,Ahmedabad,21:05:00,22:25:00,01:20:00
6E 958,Indigo,Mumbai,Bagdogra,07:25:00,11:50:00,04:25:00
6E 199,Indigo,Mumbai,Bengaluru,06:10:00,07:50:00,01:40:00
6E 715,Indigo,Mumbai,Bengaluru,07:30:00,09:10:00,01:40:00
6E 236,Indigo,Mumbai,Bengaluru,09:30:00,11:15:00,01:45:00
6E 6939,Indigo,Mumbai,Bengaluru,12:30:00,14:10:00,01:40:00
6E 6939,Indigo,Mumbai,Bengaluru,12:30:00,14:10:00,01:40:00
6E 6939,Indigo,Mumbai,Bengaluru,13:30:00,15:10:00,01:40:00
6E 3177,Indigo,Mumbai,Bengaluru,15:40:00,17:20:00,01:40:00
6E 3177,Indigo,Mumbai,Bengaluru,15:40:00,17:20:00,01:40:00
6E 5533,Indigo,Mumbai,Bengaluru,17:00:00,18:50:00,01:50:00
6E 5533,Indigo,Mumbai,Bengaluru,17:10:00,18:50:00,01:40:00
6E 5533,Indigo,Mumbai,Bengaluru,17:10:00,18:50:00,01:40:00
6E 463,Indigo,Mumbai,Bengaluru,17:40:00,19:20:00,01:40:00
6E 799,Indigo,Mumbai,Bengaluru,19:10:00,20:55:00,01:45:00
6E 949,Indigo,Mumbai,Bengaluru,20:35:00,22:20:00,01:45:00
6E 825,Indigo,Mumbai,Bengaluru,21:25:00,23:10:00,01:45:00
6E 565,Indigo,Mumbai,Bengaluru,22:30:00,00:10:00,01:40:00
6E 533,Indigo,Mumbai,Bhubaneswar,10:20:00,12:35:00,02:15:00
6E 264,Indigo,Mumbai,Bhubaneswar,15:15:00,18:50:00,03:35:00
6E 264,Indigo,Mumbai,Bhubaneswar,15:15:00,18:50:00,03:35:00
6E 264,Indigo,Mumbai,Bhubaneswar,15:45:00,19:00:00,03:15:00
6E 598,Indigo,Mumbai,Bhubaneswar,16:55:00,19:20:00,02:25:00
6E 598,Indigo,Mumbai,Bhubaneswar,16:55:00,19:20:00,02:25:00
6E 247,Indigo,Mumbai,Chandigarh,09:15:00,11:40:00,02:25:00
6E 247,Indigo,Mumbai,Chandigarh,09:15:00,11:40:00,02:25:00
6E 974,Indigo,Mumbai,Chandigarh,09:50:00,12:10:00,02:20:00
6E 4134,Indigo,Mumbai,Chandigarh,11:40:00,14:00:00,02:20:00
6E 464,Indigo,Mumbai,Chandigarh,11:40:00,14:00:00,02:20:00
6E 3598,Indigo,Mumbai,Chandigarh,15:05:00,17:25:00,02:20:00
6E 3598,Indigo,Mumbai,Chandigarh,15:05:00,17:25:00,02:20:00
6E 996,Indigo,Mumbai,Chandigarh,15:05:00,17:25:00,02:20:00
6E 229,Indigo,Mumbai,Chennai,06:20:00,08:20:00,02:00:00
6E 431,Indigo,Mumbai,Chennai,09:50:00,11:50:00,02:00:00
6E 279,Indigo,Mumbai,Chennai,14:40:00,16:40:00,02:00:00
6E 279,Indigo,Mumbai,Chennai,14:40:00,16:40:00,02:00:00
6E 6957,Indigo,Mumbai,Chennai,18:55:00,23:05:00,04:10:00
6E 6957,Indigo,Mumbai,Chennai,19:10:00,23:05:00,03:55:00
6E 675,Indigo,Mumbai,Chennai,19:55:00,22:00:00,02:05:00
6E 459,Indigo,Mumbai,Chennai,21:05:00,23:10:00,02:05:00
6E 375,Indigo,Mumbai,Coimbatore,12:00:00,13:50:00,01:50:00
6E 375,Indigo,Mumbai,Coimbatore,12:00:00,13:50:00,01:50:00
6E 363,Indigo,Mumbai,Coimbatore,20:35:00,22:35:00,02:00:00
6E 363,Indigo,Mumbai,Coimbatore,20:35:00,22:35:00,02:00:00
6E 363,Indigo,Mumbai,Coimbatore,22:05:00,23:55:00,01:50:00
6E 964,Indigo,Mumbai,Dehradun,07:50:00,12:05:00,04:15:00
6E 154,Indigo,Mumbai,Delhi,01:55:00,04:05:00,02:10:00
6E 3612,Indigo,Mumbai,Delhi,06:20:00,08:25:00,02:05:00
6E 964,Indigo,Mumbai,Delhi,07:50:00,10:05:00,02:15:00
6E 205,Indigo,Mumbai,Delhi,08:30:00,10:45:00,02:15:00
6E 5126,Indigo,Mumbai,Delhi,09:30:00,11:40:00,02:10:00
6E 3216,Indigo,Mumbai,Delhi,10:50:00,13:10:00,02:20:00
6E 168,Indigo,Mumbai,Delhi,12:40:00,14:50:00,02:10:00
6E 168,Indigo,Mumbai,Delhi,12:40:00,14:50:00,02:10:00
6E 176,Indigo,Mumbai,Delhi,13:30:00,15:40:00,02:10:00
6E 176,Indigo,Mumbai,Delhi,13:30:00,15:40:00,02:10:00
6E 5448,Indigo,Mumbai,Delhi,14:30:00,16:40:00,02:10:00
6E 5448,Indigo,Mumbai,Delhi,14:30:00,16:40:00,02:10:00
6E 5097,Indigo,Mumbai,Delhi,15:35:00,17:35:00,02:00:00
6E 5097,Indigo,Mumbai,Delhi,15:35:00,18:00:00,02:25:00
6E 5097,Indigo,Mumbai,Delhi,15:35:00,17:45:00,02:10:00
6E 174,Indigo,Mumbai,Delhi,16:30:00,18:40:00,02:10:00
6E 174,Indigo,Mumbai,Delhi,16:30:00,18:40:00,02:10:00
6E 956,Indigo,Mumbai,Delhi,17:50:00,20:00:00,02:10:00
6E 5312,Indigo,Mumbai,Delhi,18:40:00,20:50:00,02:10:00
6E 4066,Indigo,Mumbai,Delhi,19:40:00,21:45:00,02:05:00
6E 248,Indigo,Mumbai,Delhi,20:35:00,22:40:00,02:05:00
6E 198,Indigo,Mumbai,Delhi,22:15:00,00:20:00,02:05:00
6E 968,Indigo,Mumbai,Delhi,23:15:00,01:20:00,02:05:00
6E 179,Indigo,Mumbai,Goa,11:15:00,12:30:00,01:15:00
6E 181,Indigo,Mumbai,Goa,12:15:00,13:25:00,01:10:00
6E 181,Indigo,Mumbai,Goa,12:15:00,13:25:00,01:10:00
6E 5924,Indigo,Mumbai,Goa,12:40:00,13:55:00,01:15:00
6E 5924,Indigo,Mumbai,Goa,12:40:00,13:55:00,01:15:00
6E 5924,Indigo,Mumbai,Goa,13:15:00,14:20:00,01:05:00
6E 711,Indigo,Mumbai,Goa,13:45:00,15:15:00,01:30:00
6E 711,Indigo,Mumbai,Goa,13:45:00,15:15:00,01:30:00
6E 419,Indigo,Mumbai,Goa,15:20:00,16:35:00,01:15:00
6E 419,Indigo,Mumbai,Goa,15:20:00,16:35:00,01:15:00
6E 981,Indigo,Mumbai,Goa,15:35:00,16:50:00,01:15:00
6E 981,Indigo,Mumbai,Goa,15:35:00,16:50:00,01:15:00
6E 958,Indigo,Mumbai,Guwahati,07:25:00,10:25:00,03:00:00
6E 321,Indigo,Mumbai,Guwahati,09:25:00,13:55:00,04:30:00
6E 813,Indigo,Mumbai,Guwahati,16:20:00,19:25:00,03:05:00
6E 813,Indigo,Mumbai,Guwahati,16:20:00,19:25:00,03:05:00
6E 813,Indigo,Mumbai,Guwahati,16:55:00,19:55:00,03:00:00
6E 813,Indigo,Mumbai,Guwahati,18:05:00,21:00:00,02:55:00
6E 461,Indigo,Mumbai,Hyderabad,06:40:00,08:05:00,01:25:00
6E 366,Indigo,Mumbai,Hyderabad,09:20:00,10:50:00,01:30:00
6E 821,Indigo,Mumbai,Hyderabad,12:05:00,13:30:00,01:25:00
6E 821,Indigo,Mumbai,Hyderabad,12:05:00,13:30:00,01:25:00
6E 264,Indigo,Mumbai,Hyderabad,15:15:00,16:40:00,01:25:00
6E 264,Indigo,Mumbai,Hyderabad,15:15:00,16:40:00,01:25:00
6E 264,Indigo,Mumbai,Hyderabad,15:45:00,17:00:00,01:15:00
6E 834,Indigo,Mumbai,Hyderabad,16:40:00,18:15:00,01:35:00
6E 834,Indigo,Mumbai,Hyderabad,16:40:00,18:15:00,01:35:00
6E 628,Indigo,Mumbai,Hyderabad,18:55:00,20:25:00,01:30:00
6E 254,Indigo,Mumbai,Hyderabad,20:05:00,21:35:00,01:30:00
6E 234,Indigo,Mumbai,Hyderabad,21:20:00,22:50:00,01:30:00
6E 496,Indigo,Mumbai,Indore,10:40:00,12:00:00,01:20:00
6E 4651,Indigo,Mumbai,Indore,14:55:00,16:20:00,01:25:00
6E 4651,Indigo,Mumbai,Indore,14:55:00,16:20:00,01:25:00
6E 5285,Indigo,Mumbai,Indore,19:35:00,20:50:00,01:15:00
6E 207,Indigo,Mumbai,Jaipur,05:40:00,07:25:00,01:45:00
6E 942,Indigo,Mumbai,Jaipur,09:40:00,11:30:00,01:50:00
6E 696,Indigo,Mumbai,Jaipur,17:45:00,19:35:00,01:50:00
6E 217,Indigo,Mumbai,Jaipur,18:55:00,20:30:00,01:35:00
6E 217,Indigo,Mumbai,Jaipur,19:15:00,21:05:00,01:50:00
6E 559,Indigo,Mumbai,Jammu,11:00:00,13:45:00,02:45:00
6E 214,Indigo,Mumbai,Kochi,11:20:00,13:20:00,02:00:00
6E 223,Indigo,Mumbai,Kochi,13:25:00,15:30:00,02:05:00
6E 223,Indigo,Mumbai,Kochi,13:25:00,15:30:00,02:05:00
6E 6957,Indigo,Mumbai,Kochi,18:55:00,20:55:00,02:00:00
6E 6957,Indigo,Mumbai,Kochi,19:10:00,21:10:00,02:00:00
6E 6227,Indigo,Mumbai,Kolkata,07:45:00,10:20:00,02:35:00
6E 321,Indigo,Mumbai,Kolkata,09:25:00,12:05:00,02:40:00
6E 323,Indigo,Mumbai,Kolkata,11:30:00,14:10:00,02:40:00
6E 598,Indigo,Mumbai,Kolkata,16:55:00,21:00:00,04:05:00
6E 598,Indigo,Mumbai,Kolkata,16:55:00,21:00:00,04:05:00
6E 395,Indigo,Mumbai,Kolkata,17:05:00,19:40:00,02:35:00
6E 395,Indigo,Mumbai,Kolkata,17:05:00,19:40:00,02:35:00
6E 395,Indigo,Mumbai,Kolkata,19:50:00,22:25:00,02:35:00
6E 5153,Indigo,Mumbai,Kolkata,20:05:00,22:50:00,02:45:00
6E 6237,Indigo,Mumbai,Kolkata,21:30:00,00:10:00,02:40:00
6E 129,Indigo,Mumbai,Kozhikode,20:45:00,22:35:00,01:50:00
6E 3612,Indigo,Mumbai,Lucknow,06:20:00,10:10:00,03:50:00
6E 578,Indigo,Mumbai,Lucknow,11:15:00,14:50:00,03:35:00
6E 342,Indigo,Mumbai,Lucknow,14:20:00,16:35:00,02:15:00
6E 342,Indigo,Mumbai,Lucknow,14:20:00,16:35:00,02:15:00
6E 712,Indigo,Mumbai,Lucknow,16:50:00,19:05:00,02:15:00
6E 712,Indigo,Mumbai,Lucknow,16:50:00,19:00:00,02:10:00
6E 446,Indigo,Mumbai,Lucknow,19:00:00,21:15:00,02:15:00
6E 543,Indigo,Mumbai,Nagpur,08:20:00,09:50:00,01:30:00
6E 181,Indigo,Mumbai,Nagpur,11:35:00,13:05:00,01:30:00
6E 403,Indigo,Mumbai,Nagpur,15:45:00,17:15:00,01:30:00
6E 403,Indigo,Mumbai,Nagpur,15:45:00,17:15:00,01:30:00
6E 5126,Indigo,Mumbai,Patna,09:30:00,13:55:00,04:25:00
6E 787,Indigo,Mumbai,Patna,12:30:00,15:05:00,02:35:00
6E 787,Indigo,Mumbai,Patna,12:30:00,15:05:00,02:35:00
6E 342,Indigo,Mumbai,Patna,14:20:00,18:05:00,03:45:00
6E 342,Indigo,Mumbai,Patna,14:20:00,18:05:00,03:45:00
6E 801,Indigo,Mumbai,Raipur,09:25:00,11:10:00,01:45:00
6E 5924,Indigo,Mumbai,Raipur,11:45:00,13:45:00,02:00:00
6E 803,Indigo,Mumbai,Raipur,14:40:00,16:25:00,01:45:00
6E 803,Indigo,Mumbai,Raipur,14:40:00,16:25:00,01:45:00
6E 787,Indigo,Mumbai,Ranchi,12:30:00,16:15:00,03:45:00
6E 787,Indigo,Mumbai,Ranchi,12:30:00,16:15:00,03:45:00
6E 559,Indigo,Mumbai,Srinagar,11:00:00,15:00:00,04:00:00
6E 449,Indigo,Mumbai,Thiruvananthapuram,10:35:00,12:45:00,02:10:00
6E 957,Indigo,Mumbai,Thiruvananthapuram,14:10:00,16:25:00,02:15:00
6E 957,Indigo,Mumbai,Thiruvananthapuram,14:10:00,16:25:00,02:15:00
6E 749,Indigo,Mumbai,Udaipur,12:15:00,13:35:00,01:20:00
6E 749,Indigo,Mumbai,Udaipur,12:15:00,13:35:00,01:20:00
6E 764,Indigo,Mumbai,Udaipur,17:20:00,18:50:00,01:30:00
6E 567,Indigo,Mumbai,Vadodara,06:30:00,07:35:00,01:05:00
6E 339,Indigo,Mumbai,Vadodara,15:15:00,16:20:00,01:05:00
6E 339,Indigo,Mumbai,Vadodara,15:15:00,16:20:00,01:05:00
6E 578,Indigo,Mumbai,Varanasi,11:15:00,13:30:00,02:15:00
6E 176,Indigo,Mumbai,Varanasi,13:30:00,17:40:00,04:10:00
6E 176,Indigo,Mumbai,Varanasi,13:30:00,17:40:00,04:10:00
6E 712,Indigo,Mumbai,Varanasi,16:50:00,19:00:00,02:10:00
6E 712,Indigo,Mumbai,Varanasi,16:50:00,19:00:00,02:10:00
6E 366,Indigo,Mumbai,Visakhapatnam,09:20:00,12:30:00,03:10:00
6E 135,Indigo,Nagpur,Ahmedabad,12:40:00,15:55:00,03:15:00
6E 135,Indigo,Nagpur,Bengaluru,12:40:00,15:55:00,03:15:00
6E 438,Indigo,Nagpur,Bengaluru,13:45:00,15:20:00,01:35:00
6E 498,Indigo,Nagpur,Bengaluru,16:35:00,18:15:00,01:40:00
6E 436,Indigo,Nagpur,Bengaluru,20:10:00,21:45:00,01:35:00
6E 636,Indigo,Nagpur,Delhi,07:30:00,09:15:00,01:45:00
6E 509,Indigo,Nagpur,Delhi,08:15:00,11:10:00,02:55:00
6E 134,Indigo,Nagpur,Delhi,12:45:00,14:25:00,01:40:00
6E 134,Indigo,Nagpur,Delhi,12:55:00,14:35:00,01:40:00
6E 924,Indigo,Nagpur,Delhi,17:15:00,19:00:00,01:45:00
6E 202,Indigo,Nagpur,Delhi,19:50:00,21:30:00,01:40:00
6E 895,Indigo,Nagpur,Delhi,23:15:00,00:55:00,01:40:00
6E 435,Indigo,Nagpur,Hyderabad,12:50:00,14:00:00,01:10:00
6E 509,Indigo,Nagpur,Indore,08:15:00,09:10:00,00:55:00
6E 403,Indigo,Nagpur,Kolkata,17:50:00,19:30:00,01:40:00
6E 403,Indigo,Nagpur,Kolkata,17:50:00,19:30:00,01:40:00
6E 403,Indigo,Nagpur,Kolkata,17:55:00,19:30:00,01:35:00
6E 6936,Indigo,Nagpur,Mumbai,10:20:00,11:45:00,01:25:00
6E 6936,Indigo,Nagpur,Mumbai,10:20:00,11:55:00,01:35:00
6E 6936,Indigo,Nagpur,Mumbai,10:20:00,11:55:00,01:35:00
6E 404,Indigo,Nagpur,Mumbai,20:25:00,22:05:00,01:40:00
6E 135,Indigo,Nagpur,Pune,12:40:00,14:00:00,01:20:00
6E 221,Indigo,Nagpur,Pune,22:00:00,23:15:00,01:15:00
6E 637,Indigo,Patna,Bengaluru,15:00:00,18:35:00,03:35:00
6E 342,Indigo,Patna,Bengaluru,18:35:00,22:40:00,04:05:00
6E 902,Indigo,Patna,Bengaluru,20:35:00,23:20:00,02:45:00
6E 367,Indigo,Patna,Chennai,11:00:00,16:10:00,05:10:00
6E 678,Indigo,Patna,Delhi,09:35:00,11:15:00,01:40:00
6E 678,Indigo,Patna,Delhi,09:35:00,11:15:00,01:40:00
6E 367,Indigo,Patna,Delhi,11:00:00,12:40:00,01:40:00
6E 191,Indigo,Patna,Delhi,14:25:00,16:15:00,01:50:00
6E 582,Indigo,Patna,Delhi,16:15:00,18:05:00,01:50:00
6E 508,Indigo,Patna,Delhi,17:45:00,19:15:00,01:30:00
6E 493,Indigo,Patna,Delhi,19:15:00,21:00:00,01:45:00
6E 633,Indigo,Patna,Delhi,19:55:00,22:45:00,02:50:00
6E 634,Indigo,Patna,Goa,10:00:00,14:25:00,04:25:00
6E 634,Indigo,Patna,Goa,10:00:00,14:25:00,04:25:00
6E 634,Indigo,Patna,Kolkata,10:00:00,11:00:00,01:00:00
6E 634,Indigo,Patna,Kolkata,10:00:00,11:00:00,01:00:00
6E 708,Indigo,Patna,Kolkata,13:35:00,14:45:00,01:10:00
6E 342,Indigo,Patna,Kolkata,18:35:00,19:35:00,01:00:00
6E 339,Indigo,Patna,Lucknow,10:55:00,11:55:00,01:00:00
6E 339,Indigo,Patna,Lucknow,10:55:00,11:55:00,01:00:00
6E 339,Indigo,Patna,Lucknow,10:55:00,11:55:00,01:00:00
6E 633,Indigo,Patna,Lucknow,19:55:00,20:50:00,00:55:00
6E 339,Indigo,Patna,Mumbai,10:55:00,18:10:00,07:15:00
6E 339,Indigo,Patna,Mumbai,10:55:00,14:40:00,03:45:00
6E 339,Indigo,Patna,Mumbai,10:55:00,14:40:00,03:45:00
6E 191,Indigo,Patna,Mumbai,14:25:00,19:15:00,04:50:00
6E 787,Indigo,Patna,Mumbai,15:35:00,19:10:00,03:35:00
6E 787,Indigo,Patna,Mumbai,15:35:00,19:10:00,03:35:00
6E 708,Indigo,Patna,Raipur,13:35:00,16:55:00,03:20:00
6E 637,Indigo,Patna,Ranchi,15:00:00,15:45:00,00:45:00
6E 787,Indigo,Patna,Ranchi,15:35:00,16:15:00,00:40:00
6E 787,Indigo,Patna,Ranchi,15:35:00,16:15:00,00:40:00
6E 858,Indigo,Port Blair,Chennai,11:45:00,14:05:00,02:20:00
6E 6616,Indigo,Port Blair,Delhi,10:30:00,15:15:00,04:45:00
6E 858,Indigo,Port Blair,Hyderabad,11:45:00,15:45:00,04:00:00
6E 6616,Indigo,Port Blair,Kolkata,10:30:00,12:35:00,02:05:00
6E 135,Indigo,Pune,Ahmedabad,14:30:00,15:55:00,01:25:00
6E 673,Indigo,Pune,Ahmedabad,23:45:00,01:05:00,01:20:00
6E 681,Indigo,Pune,Bengaluru,00:45:00,02:10:00,01:25:00
6E 391,Indigo,Pune,Bengaluru,07:20:00,08:45:00,01:25:00
6E 407,Indigo,Pune,Bengaluru,10:40:00,12:05:00,01:25:00
6E 407,Indigo,Pune,Bengaluru,11:00:00,12:20:00,01:20:00
6E 135,Indigo,Pune,Bengaluru,14:30:00,15:55:00,01:25:00
6E 105,Indigo,Pune,Bengaluru,17:20:00,18:45:00,01:25:00
6E 103,Indigo,Pune,Bengaluru,22:15:00,23:40:00,01:25:00
6E 807,Indigo,Pune,Bengaluru,23:45:00,01:10:00,01:25:00
6E 6406,Indigo,Pune,Chennai,02:10:00,03:55:00,01:45:00
6E 159,Indigo,Pune,Chennai,06:10:00,07:40:00,01:30:00
6E 159,Indigo,Pune,Chennai,06:10:00,07:55:00,01:45:00
6E 302,Indigo,Pune,Chennai,13:45:00,15:30:00,01:45:00
6E 547,Indigo,Pune,Chennai,22:25:00,00:05:00,01:40:00
6E 6698,Indigo,Pune,Delhi,00:40:00,02:45:00,02:05:00
6E 182,Indigo,Pune,Delhi,05:15:00,07:25:00,02:10:00
6E 3571,Indigo,Pune,Delhi,07:30:00,09:45:00,02:15:00
6E 134,Indigo,Pune,Delhi,10:20:00,14:25:00,04:05:00
6E 134,Indigo,Pune,Delhi,11:05:00,14:35:00,03:30:00
6E 148,Indigo,Pune,Delhi,11:40:00,13:45:00,02:05:00
6E 202,Indigo,Pune,Delhi,17:55:00,21:30:00,03:35:00
6E 528,Indigo,Pune,Delhi,18:50:00,21:10:00,02:20:00
6E 402,Indigo,Pune,Delhi,20:30:00,22:40:00,02:10:00
6E 672,Indigo,Pune,Delhi,23:30:00,01:50:00,02:20:00
6E 302,Indigo,Pune,Hyderabad,13:45:00,17:10:00,03:25:00
6E 587,Indigo,Pune,Hyderabad,16:05:00,17:10:00,01:05:00
6E 523,Indigo,Pune,Imphal,06:05:00,10:30:00,04:25:00
6E 587,Indigo,Pune,Indore,16:05:00,19:05:00,03:00:00
6E 117,Indigo,Pune,Jaipur,00:25:00,02:15:00,01:50:00
6E 407,Indigo,Pune,Kochi,10:40:00,13:55:00,03:15:00
6E 407,Indigo,Pune,Kochi,11:00:00,12:50:00,01:50:00
6E 407,Indigo,Pune,Kochi,11:00:00,13:55:00,02:55:00
6E 523,Indigo,Pune,Kolkata,06:05:00,08:40:00,02:35:00
6E 135,Indigo,Pune,Kolkata,14:30:00,18:50:00,04:20:00
6E 528,Indigo,Pune,Lucknow,18:50:00,22:50:00,04:00:00
6E 134,Indigo,Pune,Nagpur,10:20:00,11:40:00,01:20:00
6E 134,Indigo,Pune,Nagpur,11:05:00,12:25:00,01:20:00
6E 202,Indigo,Pune,Nagpur,17:55:00,19:15:00,01:20:00
6E 103,Indigo,Pune,Thiruvananthapuram,22:15:00,01:30:00,03:15:00
6E 827,Indigo,Raipur,Bengaluru,09:10:00,11:55:00,02:45:00
6E 827,Indigo,Raipur,Bengaluru,09:55:00,12:40:00,02:45:00
6E 708,Indigo,Raipur,Bengaluru,17:45:00,21:00:00,03:15:00
6E 815,Indigo,Raipur,Chennai,19:45:00,22:45:00,03:00:00
6E 486,Indigo,Raipur,Delhi,09:20:00,11:20:00,02:00:00
6E 392,Indigo,Raipur,Delhi,10:45:00,12:55:00,02:10:00
6E 204,Indigo,Raipur,Delhi,14:55:00,16:35:00,01:40:00
6E 454,Indigo,Raipur,Delhi,18:55:00,20:45:00,01:50:00
6E 245,Indigo,Raipur,Goa,08:35:00,12:35:00,04:00:00
6E 813,Indigo,Raipur,Guwahati,15:15:00,21:00:00,05:45:00
6E 827,Indigo,Raipur,Hyderabad,09:10:00,10:25:00,01:15:00
6E 827,Indigo,Raipur,Hyderabad,09:55:00,11:05:00,01:10:00
6E 815,Indigo,Raipur,Hyderabad,19:45:00,21:00:00,01:15:00
6E 245,Indigo,Raipur,Indore,08:35:00,09:55:00,01:20:00
6E 708,Indigo,Raipur,Indore,17:45:00,18:55:00,01:10:00
6E 703,Indigo,Raipur,Kolkata,09:30:00,11:05:00,01:35:00
6E 6225,Indigo,Raipur,Kolkata,12:30:00,14:00:00,01:30:00
6E 252,Indigo,Raipur,Kolkata,17:05:00,18:30:00,01:25:00
6E 802,Indigo,Raipur,Mumbai,11:55:00,13:45:00,01:50:00
6E 802,Indigo,Raipur,Mumbai,11:55:00,13:45:00,01:50:00
6E 813,Indigo,Raipur,Mumbai,15:15:00,17:25:00,02:10:00
6E 804,Indigo,Raipur,Mumbai,16:55:00,18:50:00,01:55:00
6E 703,Indigo,Raipur,Patna,09:30:00,13:05:00,03:35:00
6E 6411,Indigo,Ranchi,Bengaluru,13:20:00,17:25:00,04:05:00
6E 637,Indigo,Ranchi,Bengaluru,16:15:00,18:35:00,02:20:00
6E 398,Indigo,Ranchi,Delhi,09:35:00,11:25:00,01:50:00
6E 436,Indigo,Ranchi,Delhi,14:05:00,15:45:00,01:40:00
6E 493,Indigo,Ranchi,Delhi,17:55:00,21:00:00,03:05:00
6E 4184,Indigo,Ranchi,Delhi,20:15:00,22:25:00,02:10:00
6E 436,Indigo,Ranchi,Indore,14:05:00,18:15:00,04:10:00
6E 6411,Indigo,Ranchi,Kolkata,13:20:00,14:15:00,00:55:00
6E 787,Indigo,Ranchi,Mumbai,16:45:00,19:10:00,02:25:00
6E 787,Indigo,Ranchi,Mumbai,16:45:00,19:10:00,02:25:00
6E 493,Indigo,Ranchi,Patna,17:55:00,18:45:00,00:50:00
6E 478,Indigo,Srinagar,Bengaluru,14:50:00,19:35:00,04:45:00
6E 478,Indigo,Srinagar,Chandigarh,14:50:00,16:05:00,01:15:00
6E 554,Indigo,Srinagar,Delhi,11:00:00,12:40:00,01:40:00
6E 653,Indigo,Srinagar,Delhi,12:15:00,15:05:00,02:50:00
6E 694,Indigo,Srinagar,Delhi,15:10:00,16:40:00,01:30:00
6E 653,Indigo,Srinagar,Jammu,12:15:00,13:05:00,00:50:00
6E 559,Indigo,Srinagar,Mumbai,15:30:00,18:25:00,02:55:00
6E 408,Indigo,Thiruvananthapuram,Bengaluru,03:30:00,04:40:00,01:10:00
6E 874,Indigo,Thiruvananthapuram,Bengaluru,07:30:00,08:25:00,00:55:00
6E 676,Indigo,Thiruvananthapuram,Bengaluru,17:05:00,18:15:00,01:10:00
6E 6319,Indigo,Thiruvananthapuram,Bengaluru,22:00:00,23:05:00,01:05:00
6E 315,Indigo,Thiruvananthapuram,Chennai,11:20:00,12:35:00,01:15:00
6E 343,Indigo,Thiruvananthapuram,Chennai,19:55:00,21:20:00,01:25:00
6E 441,Indigo,Thiruvananthapuram,Delhi,00:50:00,05:10:00,04:20:00
6E 441,Indigo,Thiruvananthapuram,Delhi,00:50:00,05:10:00,04:20:00
6E 249,Indigo,Thiruvananthapuram,Delhi,01:55:00,05:05:00,03:10:00
6E 249,Indigo,Thiruvananthapuram,Delhi,01:55:00,05:05:00,03:10:00
6E 176,Indigo,Thiruvananthapuram,Delhi,09:20:00,12:35:00,03:15:00
6E 176,Indigo,Thiruvananthapuram,Delhi,10:55:00,15:40:00,04:45:00
6E 176,Indigo,Thiruvananthapuram,Delhi,10:55:00,15:40:00,04:45:00
6E 5062,Indigo,Thiruvananthapuram,Delhi,12:00:00,15:20:00,03:20:00
6E 706,Indigo,Thiruvananthapuram,Delhi,18:10:00,22:35:00,04:25:00
6E 315,Indigo,Thiruvananthapuram,Hyderabad,11:20:00,14:10:00,02:50:00
6E 343,Indigo,Thiruvananthapuram,Hyderabad,19:55:00,22:55:00,03:00:00
6E 441,Indigo,Thiruvananthapuram,Kochi,00:50:00,01:35:00,00:45:00
6E 441,Indigo,Thiruvananthapuram,Kochi,00:50:00,01:35:00,00:45:00
6E 706,Indigo,Thiruvananthapuram,Kochi,18:10:00,18:55:00,00:45:00
6E 874,Indigo,Thiruvananthapuram,Kolkata,07:30:00,12:25:00,04:55:00
6E 676,Indigo,Thiruvananthapuram,Kolkata,17:05:00,21:30:00,04:25:00
6E 176,Indigo,Thiruvananthapuram,Mumbai,10:55:00,12:55:00,02:00:00
6E 176,Indigo,Thiruvananthapuram,Mumbai,10:55:00,12:55:00,02:00:00
6E 448,Indigo,Thiruvananthapuram,Mumbai,14:20:00,17:05:00,02:45:00
6E 408,Indigo,Thiruvananthapuram,Pune,03:30:00,06:50:00,03:20:00
6E 176,Indigo,Thiruvananthapuram,Varanasi,09:20:00,17:40:00,08:20:00
6E 525,Indigo,Udaipur,Delhi,07:10:00,08:25:00,01:15:00
6E 747,Indigo,Udaipur,Delhi,14:05:00,15:25:00,01:20:00
6E 747,Indigo,Udaipur,Delhi,14:05:00,15:25:00,01:20:00
6E 747,Indigo,Udaipur,Delhi,15:20:00,16:25:00,01:05:00
6E 299,Indigo,Udaipur,Delhi,19:25:00,20:45:00,01:20:00
6E 747,Indigo,Udaipur,Hyderabad,14:05:00,18:20:00,04:15:00
6E 747,Indigo,Udaipur,Hyderabad,14:05:00,18:20:00,04:15:00
6E 747,Indigo,Udaipur,Hyderabad,15:20:00,19:15:00,03:55:00
6E 525,Indigo,Udaipur,Jaipur,07:10:00,10:50:00,03:40:00
6E 299,Indigo,Udaipur,Kolkata,19:25:00,23:35:00,04:10:00
6E 748,Indigo,Udaipur,Mumbai,10:10:00,11:35:00,01:25:00
6E 753,Indigo,Udaipur,Mumbai,15:20:00,16:35:00,01:15:00
6E 753,Indigo,Udaipur,Mumbai,15:20:00,16:35:00,01:15:00
6E 758,Indigo,Vadodara,Bengaluru,12:35:00,14:45:00,02:10:00
6E 591,Indigo,Vadodara,Delhi,07:50:00,09:20:00,01:30:00
6E 6512,Indigo,Vadodara,Delhi,16:00:00,17:40:00,01:40:00
6E 162,Indigo,Vadodara,Delhi,17:45:00,19:35:00,01:50:00
6E 488,Indigo,Vadodara,Delhi,20:45:00,22:15:00,01:30:00
6E 161,Indigo,Vadodara,Goa,13:10:00,14:55:00,01:45:00
6E 591,Indigo,Vadodara,Kolkata,07:50:00,12:05:00,04:15:00
6E 446,Indigo,Vadodara,Lucknow,17:00:00,21:15:00,04:15:00
6E 446,Indigo,Vadodara,Lucknow,17:00:00,21:15:00,04:15:00
6E 568,Indigo,Vadodara,Mumbai,08:05:00,09:05:00,01:00:00
6E 446,Indigo,Vadodara,Mumbai,17:00:00,18:10:00,01:10:00
6E 446,Indigo,Vadodara,Mumbai,17:00:00,18:10:00,01:10:00
6E 711,Indigo,Varanasi,Bengaluru,10:20:00,12:40:00,02:20:00
6E 3175,Indigo,Varanasi,Bengaluru,10:50:00,16:20:00,05:30:00
6E 6323,Indigo,Varanasi,Bengaluru,14:15:00,16:50:00,02:35:00
6E 481,Indigo,Varanasi,Bengaluru,15:00:00,19:45:00,04:45:00
6E 716,Indigo,Varanasi,Bengaluru,19:30:00,23:55:00,04:25:00
6E 716,Indigo,Varanasi,Bengaluru,19:30:00,23:55:00,04:25:00
6E 716,Indigo,Varanasi,Bengaluru,20:10:00,00:35:00,04:25:00
6E 3175,Indigo,Varanasi,Delhi,10:50:00,12:25:00,01:35:00
6E 481,Indigo,Varanasi,Delhi,15:00:00,16:30:00,01:30:00
6E 635,Indigo,Varanasi,Delhi,18:10:00,19:45:00,01:35:00
6E 3231,Indigo,Varanasi,Delhi,20:15:00,21:50:00,01:35:00
6E 3231,Indigo,Varanasi,Delhi,20:15:00,21:50:00,01:35:00
6E 711,Indigo,Varanasi,Goa,10:20:00,15:15:00,04:55:00
6E 635,Indigo,Varanasi,Hyderabad,18:10:00,22:35:00,04:25:00
6E 6913,Indigo,Varanasi,Hyderabad,18:45:00,20:50:00,02:05:00
6E 716,Indigo,Varanasi,Kolkata,19:30:00,20:50:00,01:20:00
6E 716,Indigo,Varanasi,Kolkata,19:30:00,20:50:00,01:20:00
6E 716,Indigo,Varanasi,Kolkata,20:10:00,21:30:00,01:20:00
6E 578,Indigo,Varanasi,Lucknow,14:00:00,14:50:00,00:50:00
6E 711,Indigo,Varanasi,Mumbai,10:20:00,12:40:00,02:20:00
6E 711,Indigo,Varanasi,Mumbai,10:20:00,12:40:00,02:20:00
6E 3175,Indigo,Varanasi,Mumbai,10:50:00,15:05:00,04:15:00
6E 3175,Indigo,Varanasi,Mumbai,10:50:00,15:05:00,04:15:00
6E 579,Indigo,Varanasi,Mumbai,14:00:00,16:20:00,02:20:00
6E 579,Indigo,Varanasi,Mumbai,14:00:00,16:20:00,02:20:00
6E 579,Indigo,Varanasi,Mumbai,16:45:00,19:10:00,02:25:00
6E 883,Indigo,Visakhapatnam,Ahmedabad,18:10:00,21:35:00,03:25:00
6E 287,Indigo,Visakhapatnam,Bengaluru,07:55:00,09:30:00,01:35:00
6E 809,Indigo,Visakhapatnam,Bengaluru,13:00:00,16:00:00,03:00:00
6E 647,Indigo,Visakhapatnam,Bengaluru,21:10:00,22:40:00,01:30:00
6E 557,Indigo,Visakhapatnam,Bhubaneswar,08:55:00,09:55:00,01:00:00
6E 881,Indigo,Visakhapatnam,Chennai,10:25:00,11:50:00,01:25:00
6E 512,Indigo,Visakhapatnam,Chennai,15:10:00,16:40:00,01:30:00
6E 881,Indigo,Visakhapatnam,Coimbatore,10:25:00,13:35:00,03:10:00
6E 726,Indigo,Visakhapatnam,Delhi,08:15:00,11:00:00,02:45:00
6E 684,Indigo,Visakhapatnam,Delhi,16:20:00,20:45:00,04:25:00
6E 772,Indigo,Visakhapatnam,Delhi,18:30:00,21:00:00,02:30:00
6E 608,Indigo,Visakhapatnam,Hyderabad,08:05:00,09:15:00,01:10:00
6E 821,Indigo,Visakhapatnam,Hyderabad,11:30:00,12:40:00,01:10:00
6E 886,Indigo,Visakhapatnam,Hyderabad,12:55:00,17:40:00,04:45:00
6E 809,Indigo,Visakhapatnam,Hyderabad,13:00:00,14:15:00,01:15:00
6E 684,Indigo,Visakhapatnam,Hyderabad,16:20:00,17:30:00,01:10:00
6E 883,Indigo,Visakhapatnam,Hyderabad,18:10:00,19:20:00,01:10:00
6E 776,Indigo,Visakhapatnam,Hyderabad,19:10:00,20:15:00,01:05:00
6E 742,Indigo,Visakhapatnam,Hyderabad,22:00:00,23:25:00,01:25:00
6E 742,Indigo,Visakhapatnam,Hyderabad,22:50:00,00:15:00,01:25:00
6E 557,Indigo,Visakhapatnam,Kolkata,08:55:00,11:30:00,02:35:00
6E 886,Indigo,Visakhapatnam,Kolkata,12:55:00,15:00:00,02:05:00
6E 608,Indigo,Visakhapatnam,Mumbai,08:05:00,11:25:00,03:20:00
6E 608,Indigo,Visakhapatnam,Mumbai,08:05:00,11:25:00,03:20:00
6E 809,Indigo,Visakhapatnam,Mumbai,13:00:00,16:05:00,03:05:00
6E 809,Indigo,Visakhapatnam,Mumbai,13:00:00,16:05:00,03:05:00
6E 78,Indigo,Bangkok,Kolkata,02:05:00,03:20:00,01:15:00
6E 76,Indigo,Bangkok,Kolkata,15:45:00,16:45:00,01:00:00
6E 95,Indigo,Bengaluru,Dubai,07:10:00,09:50:00,02:40:00
6E 55,Indigo,Chandigarh,Dubai,11:30:00,13:25:00,01:55:00
6E 55,Indigo,Chandigarh,Dubai,11:30:00,13:25:00,01:55:00
6E 55,Indigo,Chandigarh,Dubai,12:05:00,14:00:00,01:55:00
6E 55,Indigo,Chandigarh,Dubai,12:05:00,14:00:00,01:55:00
6E 55,Indigo,Chandigarh,Dubai,12:05:00,14:00:00,01:55:00
6E 55,Indigo,Chandigarh,Dubai,12:05:00,14:00:00,01:55:00
6E 55,Indigo,Chandigarh,Dubai,12:05:00,14:00:00,01:55:00
6E 55,Indigo,Chandigarh,Dubai,12:05:00,14:00:00,01:55:00
6E 55,Indigo,Chandigarh,Dubai,12:05:00,14:00:00,01:55:00
6E 55,Indigo,Chandigarh,Dubai,16:15:00,18:20:00,02:05:00
6E 55,Indigo,Chandigarh,Dubai,16:15:00,18:20:00,02:05:00
6E 55,Indigo,Chandigarh,Dubai,16:15:00,18:20:00,02:05:00
6E 55,Indigo,Chandigarh,Dubai,16:15:00,18:20:00,02:05:00
6E 55,Indigo,Chandigarh,Dubai,16:15:00,18:20:00,02:05:00
6E 55,Indigo,Chandigarh,Dubai,16:15:00,18:20:00,02:05:00
6E 55,Indigo,Chandigarh,Dubai,16:15:00,18:20:00,02:05:00
6E 55,Indigo,Chandigarh,Dubai,16:15:00,18:20:00,02:05:00
6E 55,Indigo,Chandigarh,Dubai,16:15:00,18:20:00,02:05:00
6E 65,Indigo,Chennai,Dubai,06:45:00,09:45:00,03:00:00
6E 85,Indigo,Chennai,Muscat,23:00:00,01:15:00,02:15:00
6E 53,Indigo,Chennai,Singapore,22:00:00,04:40:00,06:40:00
6E 47,Indigo,Delhi,Dubai,02:05:00,04:45:00,02:40:00
6E 23,Indigo,Delhi,Dubai,06:45:00,09:25:00,02:40:00
6E 21,Indigo,Delhi,Dubai,16:55:00,19:50:00,02:55:00
6E 31,Indigo,Delhi,Kathmandu,11:45:00,13:40:00,01:55:00
6E 96,Indigo,Dubai,Bengaluru,10:50:00,16:05:00,05:15:00
6E 56,Indigo,Dubai,Chandigarh,05:15:00,10:30:00,05:15:00
6E 56,Indigo,Dubai,Chandigarh,05:15:00,10:30:00,05:15:00
6E 56,Indigo,Dubai,Chandigarh,05:55:00,11:10:00,05:15:00
6E 56,Indigo,Dubai,Chandigarh,05:55:00,11:10:00,05:15:00
6E 66,Indigo,Dubai,Chennai,21:25:00,02:50:00,05:25:00
6E 48,Indigo,Dubai,Delhi,05:45:00,10:35:00,04:50:00
6E 24,Indigo,Dubai,Delhi,18:00:00,22:40:00,04:40:00
6E 22,Indigo,Dubai,Delhi,22:20:00,03:10:00,04:50:00
6E 25,Indigo,Dubai,Hyderabad,10:25:00,15:30:00,05:05:00
6E 72,Indigo,Dubai,Kochi,14:25:00,20:05:00,05:40:00
6E 72,Indigo,Dubai,Kochi,14:25:00,20:05:00,05:40:00
6E 72,Indigo,Dubai,Kochi,15:00:00,20:40:00,05:40:00
6E 72,Indigo,Dubai,Kochi,15:00:00,20:40:00,05:40:00
6E 72,Indigo,Dubai,Kochi,15:00:00,20:40:00,05:40:00
6E 72,Indigo,Dubai,Kochi,15:00:00,20:40:00,05:40:00
6E 72,Indigo,Dubai,Kochi,15:00:00,20:40:00,05:40:00
6E 72,Indigo,Dubai,Kochi,15:00:00,20:40:00,05:40:00
6E 72,Indigo,Dubai,Kochi,15:00:00,20:40:00,05:40:00
6E 72,Indigo,Dubai,Kochi,19:20:00,01:00:00,05:40:00
6E 72,Indigo,Dubai,Kochi,19:20:00,01:00:00,05:40:00
6E 72,Indigo,Dubai,Kochi,19:20:00,01:00:00,05:40:00
6E 72,Indigo,Dubai,Kochi,19:20:00,01:00:00,05:40:00
6E 72,Indigo,Dubai,Kochi,19:20:00,01:00:00,05:40:00
6E 72,Indigo,Dubai,Kochi,19:20:00,01:00:00,05:40:00
6E 72,Indigo,Dubai,Kochi,19:20:00,01:00:00,05:40:00
6E 72,Indigo,Dubai,Kochi,19:20:00,01:00:00,05:40:00
6E 72,Indigo,Dubai,Kochi,19:20:00,01:00:00,05:40:00
6E 68,Indigo,Dubai,Kochi,22:15:00,04:00:00,05:45:00
6E 89,Indigo,Dubai,Kozhikode,05:25:00,10:50:00,05:25:00
6E 64,Indigo,Dubai,Mumbai,11:25:00,15:55:00,04:30:00
6E 64,Indigo,Dubai,Mumbai,11:25:00,15:55:00,04:30:00
6E 64,Indigo,Dubai,Mumbai,12:30:00,17:20:00,04:50:00
6E 62,Indigo,Dubai,Mumbai,20:50:00,01:25:00,04:35:00
6E 38,Indigo,Dubai,Thiruvananthapuram,11:20:00,17:05:00,05:45:00
6E 26,Indigo,Hyderabad,Dubai,14:20:00,16:55:00,02:35:00
6E 32,Indigo,Kathmandu,Delhi,14:40:00,16:05:00,01:25:00
6E 71,Indigo,Kochi,Dubai,01:35:00,04:15:00,02:40:00
6E 67,Indigo,Kochi,Dubai,17:40:00,20:25:00,02:45:00
6E 83,Indigo,Kochi,Muscat,17:50:00,19:45:00,01:55:00
6E 75,Indigo,Kolkata,Bangkok,10:10:00,14:40:00,04:30:00
6E 77,Indigo,Kolkata,Bangkok,20:40:00,00:50:00,04:10:00
6E 88,Indigo,Kozhikode,Dubai,01:45:00,04:20:00,02:35:00
6E 63,Indigo,Mumbai,Dubai,08:40:00,10:30:00,01:50:00
6E 61,Indigo,Mumbai,Dubai,18:50:00,21:00:00,02:10:00
6E 81,Indigo,Mumbai,Muscat,20:20:00,21:40:00,01:20:00
6E 86,Indigo,Muscat,Chennai,20:45:00,01:55:00,05:10:00
6E 84,Indigo,Muscat,Kochi,02:15:00,07:20:00,05:05:00
6E 84,Indigo,Muscat,Kochi,20:45:00,01:55:00,05:10:00
6E 82,Indigo,Muscat,Mumbai,22:45:00,02:45:00,04:00:00
6E 54,Indigo,Singapore,Chennai,05:40:00,07:35:00,01:55:00
6E 39,Indigo,Thiruvananthapuram,Dubai,18:20:00,21:15:00,02:55:00
